Item_Identifier,Outlet_Identifier,Item_Outlet_Sales
FDW58,OUT049,2156.1600100000005
FDW14,OUT017,1546.42037
NCN55,OUT010,569.0259700000001
FDQ58,OUT017,2291.08438
FDY38,OUT027,3496.41541
FDH56,OUT046,2458.96585
FDL48,OUT018,1895.5991799999997
FDC48,OUT027,2570.02129
FDN33,OUT045,1882.0834399999999
FDA36,OUT017,2405.13592
FDT44,OUT017,2063.91342
FDQ56,OUT045,1433.43411
NCC54,OUT019,408.93435999999997
FDU11,OUT049,2443.41942
DRL59,OUT013,1529.04299
FDM24,OUT049,2259.15927
FDI57,OUT045,2518.08889
DRC12,OUT018,2018.0065099999997
NCM42,OUT027,2871.5288200000005
FDA46,OUT010,399.87948000000006
FDA31,OUT013,2770.0609
NCJ31,OUT035,2637.73315
FDG52,OUT046,1526.14676
NCL19,OUT019,350.90989
FDS10,OUT035,3174.0350500000004
FDX22,OUT010,371.9158800000001
NCF19,OUT035,1985.1825700000002
NCE06,OUT046,2290.45187
DRC27,OUT046,2486.9294500000005
FDE21,OUT035,2083.88742
NCR42,OUT019,262.25862
FDX51,OUT018,2421.58118
NCR06,OUT018,1105.2945800000002
FDU31,OUT027,5503.569380000001
FDU59,OUT017,2309.1608499999998
FDR03,OUT027,4591.22364
FDS49,OUT027,2770.1607700000004
FDD48,OUT010,254.93482
NCF18,OUT017,3345.2788100000007
NCD43,OUT027,2772.6575199999997
NCD54,OUT018,1597.6536800000001
FDY19,OUT010,213.78838000000002
NCY54,OUT017,2698.0879199999995
NCL19,OUT018,2135.05415
FDP23,OUT010,553.57941
FDC26,OUT013,2862.4739400000003
FDR14,OUT010,284.56292
NCS41,OUT035,2767.7971799999996
FDF41,OUT035,2890.9036
FDU34,OUT046,2419.41733
DRH11,OUT046,1848.9266
FDM03,OUT013,2198.005539999999
FDS31,OUT017,2726.35113
FDJ20,OUT017,1827.25481
FDV44,OUT027,4779.878069999999
FDG02,OUT049,2150.13452
FDA09,OUT013,2686.7360300000005
FDT04,OUT013,1251.4043900000001
FDL58,OUT019,360.5307
FDE52,OUT045,1612.5675999999999
FDW12,OUT035,1905.41973
FDL51,OUT017,2935.61207
NCY42,OUT027,3390.2536
FDR07,OUT017,1763.97052
FDN40,OUT045,1977.7589
FDB35,OUT027,2702.84839
FDA22,OUT017,2629.84342
NCL06,OUT046,3374.74046
FDI35,OUT013,2987.9439499999994
NCW42,OUT045,3283.0598
NCX06,OUT049,3393.11654
FDC37,OUT027,2570.0212899999997
FDZ14,OUT018,2046.50275
DRG49,OUT049,2984.6149499999997
NCG06,OUT045,3315.4509700000003
DRC36,OUT045,2260.62403
FDV21,OUT019,364.35905
FDB53,OUT046,2078.8273400000003
DRP47,OUT019,493.82385999999997
FDA14,OUT013,1701.2188700000002
DRC24,OUT035,1974.56306
FDW21,OUT018,1871.03116
NCH29,OUT046,2076.09756
FDU58,OUT013,2546.81816
FDY27,OUT017,2957.71663
FDV56,OUT035,1996.5011700000002
FDT59,OUT046,3105.05817
FDB23,OUT046,2905.51791
FDR49,OUT045,1172.3073500000003
FDB03,OUT010,410.66543999999993
FDN39,OUT045,2592.92481
FDX02,OUT027,4476.27327
FDQ16,OUT027,1933.84939
FDU35,OUT018,1960.3815199999997
NCT29,OUT013,1929.52169
FDZ27,OUT046,1866.67017
FDN57,OUT017,2642.3271700000005
FDA03,OUT018,2300.9049299999997
FDZ36,OUT045,2751.3519200000005
NCU05,OUT013,1705.74631
FDT39,OUT018,2513.82777
FDK60,OUT017,1569.8565300000002
FDZ25,OUT017,2856.78135
FDG12,OUT046,2411.7606299999998
DRB01,OUT019,396.5837700000001
NCC43,OUT027,6432.32709
FDX13,OUT019,443.52267
FDM22,OUT049,1609.5715
FDJ03,OUT027,3496.41541
FDU14,OUT018,2944.2341800000004
FDB33,OUT010,373.28077
FDP27,OUT046,2796.0271
FDO38,OUT010,216.31841999999997
FDE28,OUT027,4769.325140000001
FDO27,OUT035,2652.1477200000004
DRL23,OUT027,3286.4553800000003
FDS28,OUT046,1736.1067900000003
FDX24,OUT013,1944.90167
FDZ02,OUT035,2785.30772
FDL46,OUT045,2198.17199
FDS60,OUT027,2997.46489
NCO06,OUT017,1055.8589299999999
FDO16,OUT035,2215.4495
FDC60,OUT049,1998.0990900000002
FDA48,OUT018,2048.5667300000005
FDZ36,OUT027,4497.1461
FDK27,OUT045,2238.35302
FDW23,OUT018,1873.62778
FDM14,OUT018,1868.1016399999996
FDM14,OUT013,2740.73241
FDW60,OUT018,2076.76336
FDE21,OUT013,2109.1878199999996
NCM42,OUT035,2674.2189900000003
FDY59,OUT010,232.59723000000002
DRI49,OUT049,2420.34945
FDT28,OUT019,293.38476999999995
FDQ22,OUT018,1541.85964
FDR60,OUT049,1348.9107999999999
FDC50,OUT019,392.55568
FDV24,OUT013,2494.3198299999995
DRF48,OUT010,378.5073000000001
FDQ47,OUT046,1880.6519700000001
DRN36,OUT049,1873.8940999999995
NCY06,OUT035,2891.43624
FDE52,OUT035,2785.30772
NCB54,OUT045,2504.4066999999995
NCF31,OUT035,3106.32319
FDJ08,OUT027,4713.03175
NCC07,OUT017,1830.08446
NCD19,OUT027,1838.9063099999998
FDL46,OUT049,2050.1979400000005
FDM20,OUT045,2761.13918
NCI06,OUT010,444.38820999999996
DRM11,OUT035,2648.31937
NCH07,OUT018,2118.54231
FDS23,OUT013,2240.5168700000004
FDO49,OUT018,1061.5848099999998
FDS35,OUT049,1663.5013
DRK39,OUT045,1636.03705
DRI39,OUT049,1684.1743900000001
FDV04,OUT017,2247.27474
NCN14,OUT035,2599.8824200000004
FDH08,OUT013,3143.0087700000004
FDS20,OUT046,2890.2710899999997
FDV40,OUT049,1389.79092
FDZ48,OUT010,274.34289
FDS24,OUT027,3974.359940000001
FDK44,OUT049,2847.85963
FDS48,OUT045,1917.30426
FDK26,OUT010,314.05786
FDD23,OUT045,2503.7741899999996
NCH54,OUT017,2355.53382
NCP14,OUT010,298.21182
FDM60,OUT010,231.86485
FDV24,OUT017,2052.29521
FDH08,OUT018,2660.50351
FDS12,OUT027,2760.2736400000003
FDR39,OUT027,4347.60742
FDP12,OUT027,3767.3627199999996
DRF60,OUT027,3865.301900000001
FDC09,OUT035,1996.5011700000002
FDF50,OUT018,2513.99422
FDG28,OUT035,2435.66285
NCE19,OUT017,1171.97445
NCM53,OUT010,428.70862
NCN18,OUT049,2099.1342400000003
FDF32,OUT035,2618.5914
FDF11,OUT013,3372.1438399999997
DRI59,OUT049,2432.5002999999997
NCG54,OUT035,3170.4730200000004
FDM44,OUT046,1908.6821499999999
FDT57,OUT018,2528.44208
FDV24,OUT046,2134.05545
FDI50,OUT019,495.6881
FDS09,OUT035,1755.4482799999998
NCC31,OUT027,3589.8604399999995
FDQ07,OUT019,365.52419999999995
FDC22,OUT017,2739.86687
FDZ56,OUT046,2330.1335499999996
FDZ40,OUT019,242.0183000000001
FDS46,OUT027,3072.7002899999998
DRD24,OUT045,1932.9838500000005
FDV45,OUT017,2965.30675
FDL26,OUT045,2753.94854
FDA56,OUT018,1884.7133500000004
FDN27,OUT046,1819.4649500000003
FDM20,OUT049,3304.7315899999994
FDO16,OUT017,1490.3267199999998
FDL03,OUT035,2713.4678999999996
FDE58,OUT046,2419.4173299999998
FDI02,OUT027,3379.76725
NCC55,OUT019,232.46407
FDR03,OUT018,2183.9904500000002
FDB14,OUT017,2222.50698
FDR45,OUT013,3189.7812200000003
NCN07,OUT017,1918.9021799999998
FDM51,OUT019,399.11380999999994
FDT52,OUT027,4855.47966
FDL26,OUT046,2335.6596900000004
NCZ42,OUT046,2894.83182
DRI47,OUT019,371.11692000000005
FDW40,OUT013,2315.11976
FDN34,OUT046,1911.3453499999996
FDS01,OUT035,2263.6201300000002
NCG55,OUT045,1938.90947
FDC11,OUT035,1939.44211
FDX35,OUT018,2796.59303
NCB06,OUT046,2805.6146200000003
FDR09,OUT019,377.1757
FDC53,OUT017,1496.5852400000003
FDY45,OUT013,3659.2368
FDA22,OUT010,379.13981
FDE02,OUT035,1491.1589699999997
FDW21,OUT045,1772.3928900000003
FDV34,OUT046,1434.1332
FDS59,OUT049,2261.62273
NCW17,OUT017,1928.1568
NCK54,OUT046,2081.35738
FDG17,OUT019,467.89095
FDG35,OUT017,2474.9783400000006
FDD08,OUT010,353.34005999999994
NCO07,OUT017,2934.1806
FDJ10,OUT010,571.9887799999999
FDW36,OUT017,1505.0741899999998
FDW21,OUT010,294.68307999999996
FDY19,OUT017,2208.2921499999993
DRE03,OUT013,1937.91077
NCC55,OUT049,1416.5227899999998
FDH52,OUT010,259.06278000000003
FDO09,OUT017,4219.10802
FDU43,OUT045,4218.4089300000005
FDX09,OUT010,394.18689000000006
FDH40,OUT019,329.60429
FDW58,OUT017,2376.20691
FDC47,OUT017,4237.05133
NCR41,OUT035,1608.77254
DRG49,OUT035,2205.39592
FDC52,OUT027,3496.41541
FDY13,OUT046,1966.3071399999997
FDY35,OUT013,1477.7763900000002
FDI35,OUT017,2905.0518500000003
NCU18,OUT049,3133.72086
FDY33,OUT018,1944.73522
FDC15,OUT027,3976.4572099999996
FDU01,OUT049,2527.44338
NCU42,OUT046,2584.03638
NCV29,OUT018,2160.6541600000005
NCY30,OUT017,3078.8589400000005
FDQ46,OUT049,2495.28524
FDG58,OUT027,3786.10499
FDK33,OUT017,3053.3255099999997
NCD07,OUT045,1946.49959
NCX29,OUT027,3886.9736900000003
NCT42,OUT013,2401.80692
DRN59,OUT035,2087.41616
FDI44,OUT035,2079.26011
FDA45,OUT049,2360.4940300000003
FDP31,OUT045,1179.96405
FDY01,OUT046,2061.44996
FDT09,OUT018,1651.45032
DRH03,OUT027,3573.3818899999997
FDA36,OUT018,2017.7069
NCF31,OUT017,2758.24295
FDG14,OUT049,2214.05132
FDG28,OUT027,4855.47966
FDU14,OUT049,2542.0576899999996
FDY47,OUT019,300.3090900000001
FDI56,OUT049,2035.51705
DRD01,OUT013,1475.4127999999996
FDM22,OUT046,1536.96601
FDH33,OUT013,2138.2499900000003
DRZ24,OUT013,2554.1086699999996
NCQ38,OUT046,1868.7008600000001
FDO16,OUT027,1933.84939
FDU07,OUT027,4433.562200000001
NCB07,OUT013,2894.13273
FDU48,OUT045,1965.6413399999997
NCM43,OUT045,2549.0485900000003
FDR31,OUT010,367.58818
DRK49,OUT018,1427.60836
NCI30,OUT010,417.05711999999994
DRD60,OUT017,2588.0311800000004
NCG19,OUT046,2820.39538
FDH12,OUT035,1666.8303
FDM32,OUT035,2088.41486
FDM27,OUT035,2763.4694800000007
NCU53,OUT027,4288.2513500000005
NCQ18,OUT046,1772.6924999999999
FDS10,OUT013,3180.8595
FDB33,OUT027,4467.35155
FDI12,OUT013,1926.75862
NCW42,OUT013,2966.5051900000003
NCC06,OUT018,1474.78029
FDW02,OUT017,1933.94926
NCD43,OUT017,1821.8618300000003
FDM57,OUT018,1486.8645599999998
FDA58,OUT017,4082.11967
FDK56,OUT046,2891.6692699999994
FDP52,OUT045,3020.4349899999997
FDW20,OUT018,1697.7234200000003
FDS52,OUT049,1415.3576400000002
NCT29,OUT018,1485.83257
NCL54,OUT013,2871.99488
FDC05,OUT045,2327.70338
FDF34,OUT035,2976.95825
FDP03,OUT027,3439.38964
FDD32,OUT010,242.0183
FDZ10,OUT045,2287.08958
FDZ40,OUT035,1850.1583300000002
FDD51,OUT018,2003.7916800000003
NCY30,OUT019,307.53302
FDP58,OUT017,3108.58691
FDV49,OUT017,3861.60671
FDY24,OUT019,255.30100999999996
NCO55,OUT017,2054.15945
FDR13,OUT017,1968.2712500000002
FDS51,OUT017,1863.2413000000001
FDP26,OUT045,1618.12703
NCB54,OUT027,3802.51696
FDF32,OUT017,3313.453569999999
FDN31,OUT018,2458.5663699999996
DRM48,OUT017,1137.35285
FDN20,OUT049,2914.7392400000003
DRL01,OUT046,2920.5982799999997
FDV56,OUT049,2357.99728
DRH13,OUT027,2785.30772
FDA03,OUT017,2384.6958599999994
FDF47,OUT027,5086.3791
FDX32,OUT046,2220.50958
FDX57,OUT049,1658.10832
NCA30,OUT045,2412.42643
FDO49,OUT013,1202.7344099999998
FDL04,OUT019,292.11975000000007
DRM48,OUT035,1914.10842
FDR16,OUT013,2344.68128
NCC19,OUT018,2462.7942
NCE42,OUT045,3260.35602
FDY24,OUT017,1711.5054799999998
FDH19,OUT049,2189.4500099999996
FDJ46,OUT013,2866.3688700000002
FDN45,OUT010,436.2321599999999
FDY08,OUT035,2202.3332400000004
FDZ37,OUT035,2783.3103200000005
NCT30,OUT045,2091.2445100000004
DRY23,OUT018,654.7810099999999
NCZ30,OUT018,2111.2850900000003
FDC44,OUT018,1847.16223
FDB45,OUT035,2226.33533
FDY04,OUT013,2402.10653
FDM27,OUT046,2522.2834300000004
FDZ43,OUT017,4107.686390000001
FDT39,OUT019,380.37154
NCC06,OUT019,316.95409
FDL15,OUT027,3799.4209899999996
FDL57,OUT017,4440.15362
FDU08,OUT046,1887.44313
FDK40,OUT017,3131.65688
FDQ12,OUT010,418.8880700000001
FDS48,OUT017,1980.3555199999998
FDP09,OUT045,2686.3032600000006
FDW21,OUT049,1663.40143
FDY25,OUT035,2330.1335500000005
DRE13,OUT017,1671.69064
FDV43,OUT019,359.76502999999997
FDD22,OUT045,1774.72319
FDM46,OUT019,364.35905
NCO30,OUT010,309.63029
FDM25,OUT046,2395.08234
NCN41,OUT049,2014.87725
FDU24,OUT045,1734.6087400000004
FDZ50,OUT046,2488.96014
FDP45,OUT013,3184.32166
NCM54,OUT045,2133.15662
FDW10,OUT019,404.04073000000005
FDP20,OUT017,2394.5164099999993
FDK32,OUT046,2416.45452
FDN52,OUT049,1708.70912
FDM58,OUT045,2180.02894
FDZ46,OUT027,3134.8194300000005
NCA18,OUT018,2017.84006
FDD35,OUT046,2246.0097199999996
NCK31,OUT035,1610.9363900000003
FDI40,OUT027,3050.6955999999996
FDT50,OUT019,337.49402
NCT06,OUT046,2333.0630699999997
FDT31,OUT035,2694.19299
FDT45,OUT049,1920.79971
FDT13,OUT045,3628.2105199999996
FDO50,OUT045,1366.38805
NCU18,OUT010,322.74655
NCR54,OUT049,3772.28964
NCO18,OUT018,2102.52982
FDU09,OUT045,1207.82778
FDT13,OUT018,2329.5010399999996
FDE09,OUT046,2071.4702500000003
NCK53,OUT019,368.35385
FDG45,OUT049,2651.2156
DRH15,OUT035,2219.87707
FDO21,OUT019,333.36606000000006
FDD14,OUT027,3803.848560000001
FDC09,OUT046,2033.28662
FDH45,OUT027,2880.55041
FDV32,OUT046,1937.4779999999998
FDG12,OUT035,1606.77514
FDS32,OUT013,2281.9296300000005
NCL55,OUT018,1995.93524
DRE01,OUT035,2199.0042400000007
DRE15,OUT049,1592.09425
NCL42,OUT045,3164.98017
FDP31,OUT013,1616.1962099999996
FDN33,OUT018,1763.00511
FDZ59,OUT046,2913.2411900000006
FDE45,OUT010,373.28077
FDJ07,OUT013,1856.3835600000002
FDQ45,OUT018,2497.8152800000003
FDM33,OUT027,5652.642
FDO15,OUT010,332.16762000000006
FDM46,OUT013,2594.3895700000003
FDR03,OUT045,3012.6784199999997
FDY49,OUT018,1973.7308100000002
FDQ60,OUT045,2358.7962400000006
FDW10,OUT049,2294.4799599999997
FDO51,OUT049,2216.6146500000004
FDJ40,OUT018,1447.74881
FDS20,OUT018,2663.10013
FDU45,OUT013,2163.35065
FDV02,OUT035,2772.35791
FDN09,OUT046,2744.86037
NCM55,OUT027,3471.44791
FDN23,OUT018,2047.76777
FDY31,OUT010,373.28076999999996
FDW03,OUT010,359.13252
FDD14,OUT046,2382.63188
FDV23,OUT017,1862.94169
DRI03,OUT045,2974.4282100000005
FDN13,OUT035,1971.1009
FDF45,OUT027,2899.35926
FDU46,OUT035,1821.6620900000003
FDB57,OUT049,3049.3972900000003
FDV12,OUT049,2184.1901900000003
FDQ58,OUT013,2740.0666100000003
NCA18,OUT017,2154.8949900000007
FDH52,OUT049,1666.06463
FDM24,OUT018,1968.5042799999999
NCP43,OUT027,3687.5000100000007
NCO18,OUT019,307.53302
FDM32,OUT017,2186.88668
NCL07,OUT017,1592.8266300000003
FDK03,OUT013,2573.6499000000003
FDP59,OUT017,2055.6242099999995
FDQ24,OUT049,2170.67445
FDQ16,OUT018,1812.00799
FDU44,OUT013,2914.63937
FDH28,OUT010,282.76526
FDV28,OUT019,292.48594
FDM22,OUT045,991.27633
FDR56,OUT046,2854.78395
FDV39,OUT049,2151.36625
FDU37,OUT019,288.89062000000007
FDQ11,OUT010,580.17812
FDX02,OUT045,2880.0510600000002
NCS42,OUT018,1850.9905800000001
FDY57,OUT027,2577.7112800000004
FDB21,OUT049,3196.70554
FDE28,OUT017,3036.98012
FDQ55,OUT017,2044.2057399999999
FDA48,OUT049,2063.3474899999997
FDZ19,OUT045,2361.39286
NCC43,OUT045,4009.7472100000005
NCV18,OUT046,1525.1147699999997
NCA42,OUT018,2273.9733199999996
FDY45,OUT046,2599.34978
NCC30,OUT045,2867.83363
FDM57,OUT013,1712.1712799999998
FDL09,OUT010,335.16372
FDB09,OUT027,3493.15299
FDT44,OUT035,2185.18889
NCT06,OUT027,4318.711700000001
FDX26,OUT049,2371.8459199999998
FDK32,OUT013,2574.38228
DRA12,OUT046,1671.45761
FDO46,OUT010,347.58089000000007
FDE52,OUT013,2573.6498999999994
NCH42,OUT045,4085.04919
FDV08,OUT035,1811.6750899999995
FDB47,OUT018,2548.54924
FDC28,OUT010,271.24692000000005
FDD22,OUT046,2391.05425
FDS07,OUT027,3335.1919399999997
DRI13,OUT045,2463.4267099999997
FDG32,OUT018,2583.53703
FDU14,OUT017,3427.3719499999997
FDD28,OUT019,242.21804000000003
NCP41,OUT017,1894.1677100000002
FDS08,OUT049,2355.36737
FDX47,OUT045,2245.1774699999996
FDC53,OUT019,284.32989000000003
FDQ19,OUT035,3088.57962
FDL14,OUT045,2562.79736
FDM33,OUT019,456.90524999999997
FDA51,OUT045,1854.6191900000001
FDZ27,OUT018,2120.00707
FDT04,OUT046,1512.6976
DRC13,OUT049,2192.6125599999996
FDR16,OUT027,4769.32514
FDQ03,OUT027,4662.131340000001
FDE38,OUT035,2009.3843999999997
DRH23,OUT027,3004.88856
FDT11,OUT019,494.4230799999999
FDD09,OUT035,2702.0161400000006
FDR40,OUT045,1241.3841
FDX07,OUT017,3696.45502
FDR07,OUT035,2163.0510400000003
FDA51,OUT017,2170.5745799999995
FDT59,OUT019,464.16247000000004
FDF20,OUT017,3090.1442499999994
FDR13,OUT045,1877.9887700000004
FDY26,OUT049,2294.5465400000007
FDW04,OUT017,1871.39735
FDK52,OUT017,3682.5065099999993
FDN60,OUT049,2135.45363
FDM09,OUT019,305.46904000000006
FDP46,OUT049,1942.4715000000003
FDB50,OUT019,271.41337
NCQ29,OUT049,2786.7724800000005
FDP16,OUT027,4287.552260000001
FDX33,OUT018,2377.6716700000006
FDP07,OUT010,401.77700999999996
FDN22,OUT046,2217.4136100000005
FDF39,OUT049,2309.2607199999998
FDS21,OUT017,1627.8810000000003
NCM42,OUT013,1863.1414300000001
FDK50,OUT019,440.55986
DRF13,OUT027,3865.3019
FDH35,OUT018,1867.3692600000002
FDP60,OUT018,1542.8583399999998
DRJ49,OUT027,3727.048530000001
NCT42,OUT019,296.3808700000001
FDE38,OUT049,2129.36156
FDI04,OUT049,2682.2085899999997
NCH54,OUT045,3236.4538000000002
FDT56,OUT049,1840.0381699999998
DRD15,OUT018,3044.76998
FDV58,OUT013,3147.5695
FDP21,OUT049,2740.39951
FDH05,OUT013,2675.45072
FDR10,OUT027,3531.9025500000002
NCP06,OUT045,2286.3572000000004
FDF33,OUT049,1305.7669600000002
DRK37,OUT013,2554.1086699999996
DRH49,OUT045,1470.88536
FDT58,OUT013,2635.3029800000004
FDD41,OUT018,1528.6768000000002
FDP40,OUT018,1726.7523
FDM51,OUT027,3439.3896400000003
FDO45,OUT010,300.00948000000005
FDW33,OUT010,377.97466000000003
FDY24,OUT045,1653.5475900000001
FDB10,OUT010,398.14840000000004
FDM40,OUT035,2476.6761300000003
NCI06,OUT017,3450.2088900000003
FDW12,OUT019,336.2955800000001
FDX48,OUT027,4386.9562000000005
NCW05,OUT027,3498.71242
FDX27,OUT017,1911.54509
DRM37,OUT045,2482.7016200000003
FDA38,OUT045,3137.54921
FDR36,OUT046,2708.9404600000003
FDZ45,OUT046,2500.7448000000004
FDG05,OUT017,2482.53517
FDK28,OUT013,2398.211600000001
FDV47,OUT045,1811.17574
FDN21,OUT045,2663.36645
FDP20,OUT027,3764.0337200000004
FDI35,OUT045,2939.80661
DRY23,OUT013,1459.7665
FDA56,OUT017,1907.98306
FDB09,OUT013,2077.56232
NCO26,OUT027,3186.58538
FDQ49,OUT018,2396.61368
FDI52,OUT027,2429.9036799999994
FDZ44,OUT027,3413.9893700000002
FDZ09,OUT018,2076.5636200000004
FDY03,OUT049,2542.25743
NCG42,OUT017,2255.53066
DRI13,OUT027,3865.3019
FDQ32,OUT013,1963.1778799999997
FDW16,OUT035,2008.7186000000002
FDU27,OUT046,2089.9462
FDR28,OUT010,325.50962
FDQ49,OUT010,377.64176000000003
FDS37,OUT046,2007.5867400000002
FDW26,OUT018,2521.5510500000005
FDX12,OUT018,2315.6524
NCP06,OUT013,2252.63443
FDW45,OUT010,434.36792000000014
NCN30,OUT049,2021.5685400000002
FDN24,OUT049,1591.32858
NCL41,OUT027,2349.14214
FDR02,OUT019,317.32028
FDD09,OUT010,373.28076999999996
FDS33,OUT010,292.21961999999996
FDU22,OUT045,2192.94546
FDI53,OUT013,2344.68128
DRH01,OUT049,2747.9563399999997
FDX32,OUT013,2302.26982
NCP30,OUT018,1085.9198
FDB60,OUT045,2644.6907600000004
FDB14,OUT049,2231.3621200000007
NCP02,OUT035,2183.8572900000004
FDJ10,OUT017,2074.0668699999997
FDG34,OUT046,1649.6526600000002
NCB18,OUT017,1433.3342400000001
FDM16,OUT049,1666.06463
FDW25,OUT018,1960.6811300000002
FDB35,OUT010,243.51635000000002
DRN11,OUT013,2656.30897
FDF41,OUT019,342.5208099999999
FDH16,OUT045,1350.1425299999999
NCQ50,OUT018,2685.03824
DRH23,OUT018,1965.20857
DRJ37,OUT013,2554.10867
DRJ24,OUT027,3776.351020000001
FDY16,OUT035,2484.33283
FDQ27,OUT045,2134.2219
FDZ33,OUT045,2101.69757
FDF29,OUT045,2555.8730399999995
FDA08,OUT049,3106.7559599999995
FDG31,OUT046,1430.8042
FDE34,OUT019,463.66312
NCR30,OUT027,1921.43222
FDV33,OUT035,2880.88331
DRZ24,OUT018,1813.33959
NCL54,OUT035,3340.7513700000004
FDR12,OUT049,2363.4568400000003
NCC54,OUT046,2848.85833
DRN59,OUT013,2008.1193799999996
FDX50,OUT019,317.32027999999997
FDV31,OUT027,4692.9245900000005
NCA29,OUT027,4330.72939
FDW60,OUT049,2259.15927
FDX08,OUT017,2663.36645
DRD49,OUT013,2634.93679
FDD33,OUT046,3038.3117199999997
FDW35,OUT013,1414.39223
FDJ36,OUT017,1527.6448099999998
FDV51,OUT035,2496.5502600000004
FDW36,OUT046,2134.05545
FDH35,OUT046,2471.28315
NCS30,OUT027,3704.145010000001
FDN49,OUT017,2185.98785
FDL08,OUT018,2959.8804800000003
FDI09,OUT013,3561.29762
FDP19,OUT018,1783.7447800000002
FDU21,OUT010,286.16084
NCP41,OUT045,1946.3997200000006
FDY10,OUT013,2538.12947
FDP12,OUT018,1755.34841
NCN26,OUT049,2463.5931599999994
FDK44,OUT013,2473.84648
FDC28,OUT049,1555.87473
FDJ41,OUT027,4287.152780000001
NCT29,OUT035,2244.44509
NCH42,OUT019,362.42823000000004
FDU60,OUT018,2164.98186
FDS02,OUT045,3345.1789400000002
FDC51,OUT046,2359.2290100000005
FDU03,OUT013,2328.0695700000006
FDX39,OUT045,3125.7312600000005
NCY05,OUT010,342.72055
NCL06,OUT027,6288.88048
FDD32,OUT035,2063.58052
NCN41,OUT045,1898.4621199999997
NCX53,OUT049,2192.2130800000004
FDU57,OUT019,305.46904000000006
FDQ23,OUT046,1856.0173700000003
FDQ52,OUT045,4125.26351
FDC14,OUT045,1686.4714000000004
FDY09,OUT035,3556.2042500000002
FDQ28,OUT045,2553.57603
FDV25,OUT046,3217.2121800000004
FDJ07,OUT035,2196.07472
DRB25,OUT049,2282.1626599999995
FDK52,OUT019,369.75203
FDY52,OUT027,1923.5294900000001
FDB28,OUT046,2374.6089899999997
FDT36,OUT035,1701.6849300000001
FDV25,OUT017,3105.35778
NCN07,OUT027,3063.27922
FDC57,OUT017,3879.41686
FDQ03,OUT018,2539.26133
FDU23,OUT017,2546.4186799999998
NCX41,OUT035,2816.36729
NCD06,OUT035,1923.8290999999997
FDW08,OUT045,2023.5326500000003
NCU29,OUT017,2210.0565200000005
NCE06,OUT013,2539.8272599999996
FDV52,OUT010,267.88463
FDB02,OUT017,2985.24746
NCR18,OUT045,1089.1489299999998
FDK16,OUT049,1415.3576400000002
NCQ29,OUT010,459.96792999999997
FDZ01,OUT019,371.1835
FDW27,OUT035,2707.37583
FDD17,OUT018,2947.36344
FDW39,OUT013,2328.0695699999997
DRH59,OUT045,1490.79278
FDS52,OUT013,2280.63132
FDU40,OUT027,4287.15278
NCF54,OUT013,2479.1395899999998
FDH46,OUT045,1511.5990299999999
NCP14,OUT049,1695.8258899999996
FDH50,OUT049,2460.3640299999997
DRF15,OUT010,317.65318
FDV27,OUT027,3439.38964
NCJ06,OUT049,2534.50086
FDN02,OUT018,2380.5679
FDQ51,OUT049,2322.70988
FDQ07,OUT017,3865.9344099999994
FDS45,OUT049,1808.2462199999998
NCJ06,OUT045,1703.4160100000001
FDD36,OUT035,1704.5145799999998
FDY25,OUT045,3086.78196
FDU52,OUT046,2355.1343399999996
DRK47,OUT017,2793.53035
NCL30,OUT017,2152.5646899999997
FDN22,OUT035,2935.24588
NCF30,OUT027,3862.838440000001
FDK03,OUT035,3006.2534499999997
FDT45,OUT017,1459.5334699999999
NCC54,OUT027,4542.8532700000005
FDP08,OUT018,2770.5935400000003
FDU44,OUT046,2836.9737999999998
DRG39,OUT035,2148.07054
FDU32,OUT049,2346.37907
FDY27,OUT049,2206.52778
NCP54,OUT013,2057.45516
NCZ41,OUT049,2210.1563899999996
DRL49,OUT013,2652.24759
FDI05,OUT018,1375.6426700000002
FDY56,OUT045,4014.6075500000006
DRC13,OUT013,2038.6130200000002
NCV29,OUT017,2871.39566
FDR24,OUT049,2129.1951099999997
FDZ34,OUT018,1828.85273
FDP37,OUT035,2173.53739
FDX08,OUT027,4974.3915400000005
FDS57,OUT045,2627.5797000000007
NCG18,OUT049,2552.31101
FDK25,OUT018,2423.14581
FDH53,OUT049,1950.1281999999999
DRI59,OUT018,2409.8298099999997
FDA52,OUT046,2649.5510999999997
FDT20,OUT010,353.34005999999994
FDE36,OUT019,362.79442
FDI24,OUT017,2514.26054
FDB28,OUT018,2824.02399
FDV11,OUT017,2307.59622
FDP01,OUT046,2656.7417400000004
FDD34,OUT027,3531.9025500000002
FDJ50,OUT027,3209.72193
FDZ44,OUT013,1835.71047
DRO59,OUT035,2127.5639
DRB48,OUT045,1086.2859899999999
FDR21,OUT018,2115.0468599999995
NCE42,OUT010,380.67115
FDO23,OUT046,1616.39595
NCE30,OUT018,2747.15738
FDQ22,OUT035,1414.72513
FDY01,OUT045,2197.00684
FDS08,OUT017,2212.28695
FDG28,OUT018,1988.6114400000001
FDQ51,OUT018,1948.7633099999998
FDB05,OUT017,2910.3782499999998
FDO56,OUT049,2777.48457
FDE02,OUT018,1947.2652600000001
FDN45,OUT017,3350.1058600000006
FDS09,OUT013,1624.01936
NCA54,OUT018,2303.23523
FDP09,OUT010,454.34192000000013
FDC53,OUT045,1592.39386
NCM55,OUT017,2657.97347
FDL09,OUT018,1805.4165700000005
FDA11,OUT019,264.22273000000007
FDA50,OUT045,1281.39868
FDC23,OUT017,2691.39663
FDE22,OUT049,3074.1650499999996
FDD23,OUT046,2794.09628
NCA29,OUT049,3140.61189
FDK38,OUT046,2115.5129199999997
DRC13,OUT046,1903.35575
NCP43,OUT049,2815.93452
FDX28,OUT049,1829.2855
FDF08,OUT049,2266.11688
FDZ33,OUT046,2575.3809800000004
FDD10,OUT049,2506.43739
FDO58,OUT017,2752.7168100000004
FDI50,OUT017,3495.81619
FDO58,OUT045,2586.1336500000007
FDX08,OUT013,2868.4994299999994
NCK17,OUT010,335.16372000000007
FDF39,OUT035,3006.2534499999997
FDU45,OUT010,304.30389
NCJ18,OUT018,1725.95334
DRC27,OUT019,317.32028
DRC25,OUT035,1916.37214
FDU59,OUT035,2577.14535
FDU28,OUT035,2440.9892499999996
NCP30,OUT046,1203.7664
FDB39,OUT018,2016.2421400000003
FDE41,OUT013,1682.21028
DRH11,OUT010,198.97432999999998
FDA58,OUT045,4201.497609999999
FDU50,OUT046,2312.12366
FDM34,OUT013,2699.75242
FDM44,OUT027,3090.14425
FDR39,OUT045,2261.92234
FDM25,OUT045,2490.092
FDQ49,OUT049,2276.5033599999997
DRH25,OUT018,1342.8853100000001
FDM09,OUT027,3942.5679899999986
FDL44,OUT019,372.41523
NCR42,OUT018,1701.35203
DRL59,OUT046,1848.62699
FDX43,OUT013,2507.43609
DRK47,OUT010,376.70964000000004
FDU48,OUT018,1681.9439599999998
FDY12,OUT045,1200.87017
NCN43,OUT018,1937.1118099999999
NCM55,OUT018,2210.7889
FDQ21,OUT027,3123.06806
FDX13,OUT035,2469.65194
NCK30,OUT027,5763.630859999999
FDG20,OUT049,2958.91507
DRG27,OUT017,1344.5831
FDY14,OUT018,3044.7699799999996
FDP59,OUT035,1922.99685
FDU60,OUT017,2726.0848100000003
NCC18,OUT019,360.43083000000007
DRJ39,OUT017,3304.3653999999997
FDS07,OUT049,2263.52026
FDM08,OUT027,5636.86254
FDP51,OUT045,1873.4946200000002
FDU16,OUT035,2008.7186000000002
FDH12,OUT013,1944.90167
DRE48,OUT010,389.02694
NCL42,OUT027,6081.750099999999
FDR21,OUT045,2734.2075699999996
NCW29,OUT035,2349.34188
FDO11,OUT013,3388.1563299999993
NCM31,OUT049,2784.8749500000004
FDV35,OUT019,319.41755
FDF58,OUT017,1216.51647
NCE43,OUT049,2900.95718
FDA02,OUT035,3006.25345
DRL37,OUT010,290.9546
FDR24,OUT018,1895.5991800000004
FDW59,OUT049,1849.79214
FDS22,OUT049,1609.5715
FDW24,OUT017,1447.58236
FDU24,OUT035,1507.67081
FDA21,OUT027,4267.6115500000005
FDH58,OUT027,2961.3452399999996
FDW36,OUT018,1694.26126
FDI45,OUT027,4710.268679999999
FDU01,OUT018,1973.7308100000002
FDF35,OUT027,3704.3447499999993
FDU43,OUT019,373.48051
FDE24,OUT019,269.88203
FDK50,OUT049,2150.13452
FDG31,OUT045,1719.92785
FDC60,OUT045,1734.7419000000002
FDL36,OUT013,2036.5490399999999
FDP21,OUT013,2844.6304999999998
FDW16,OUT045,1817.1679399999998
FDX02,OUT017,3249.7365099999997
FDQ58,OUT027,3493.7189199999993
FDT51,OUT046,2118.5090200000004
FDD59,OUT049,1923.1300099999996
NCM42,OUT018,2111.2850900000003
FDA57,OUT018,1660.03914
FDZ48,OUT035,1768.3648
FDE46,OUT045,2659.4049400000004
NCZ30,OUT019,301.6074
FDB56,OUT017,2847.72647
FDA25,OUT027,3306.7955699999998
FDD20,OUT013,2360.0945500000003
FDL25,OUT013,1430.4713000000002
NCO18,OUT049,3275.2366499999994
FDJ45,OUT017,1075.8995100000002
FDR12,OUT035,2024.1984500000003
NCF19,OUT010,263.49035
FDK25,OUT046,2563.59632
NCR17,OUT046,2106.49133
FDC52,OUT046,2359.22901
NCA54,OUT017,3021.0674999999997
FDR45,OUT010,429.20797000000005
NCM19,OUT049,2588.6636900000003
FDF39,OUT027,3496.41541
FDX23,OUT049,1705.91276
FDD58,OUT027,2738.40211
FDX28,OUT013,1483.26924
NCD31,OUT013,2480.03842
FDU57,OUT018,2011.3485099999998
FDI27,OUT046,2359.22901
NCM42,OUT046,1829.05247
FDD32,OUT027,2899.35926
FDI34,OUT013,3197.67095
NCM29,OUT049,2275.2383400000003
FDG46,OUT018,1871.03116
DRC01,OUT010,244.28202000000002
FDB15,OUT027,4421.644380000001
NCA17,OUT027,4327.16736
FDF10,OUT046,2038.31341
FDR26,OUT027,4476.27327
FDI02,OUT049,2077.59561
NCM54,OUT010,296.04796999999996
FDF14,OUT013,3050.32941
FDJ33,OUT010,319.31768
FDM20,OUT035,2750.1867700000003
FDC03,OUT027,3496.41541
NCX05,OUT046,1812.4407600000002
NCM41,OUT027,2813.83725
NCU29,OUT010,377.87479
FDQ59,OUT017,2086.3841700000003
FDH46,OUT010,298.04537
FDH09,OUT013,863.5426000000001
NCD06,OUT045,1088.9159000000002
FDC15,OUT035,2549.9474200000004
DRD37,OUT027,2500.1788700000006
FDT28,OUT027,3282.9932199999994
FDR28,OUT027,4416.05166
FDT38,OUT017,1260.29282
FDV34,OUT027,2398.4446300000004
FDY52,OUT035,1894.9999600000003
FDB34,OUT013,1375.4096399999999
DRL23,OUT018,2237.1878699999993
DRB24,OUT046,1570.7553599999999
FDJ50,OUT046,1966.3071400000001
FDQ49,OUT035,2848.15924
FDP20,OUT035,2344.51483
FDV19,OUT027,4289.21676
NCR54,OUT045,3253.5648600000004
FDO09,OUT010,391.15749999999997
FDS57,OUT018,2227.23416
FDN10,OUT049,2206.09501
FDV23,OUT049,2335.16034
FDY28,OUT049,2281.5634399999994
DRG51,OUT013,2837.37328
FDD45,OUT019,359.76502999999997
NCL18,OUT027,4881.34599
NCM29,OUT013,1900.2264900000002
FDF17,OUT027,4287.55226
FDE22,OUT017,2570.6870900000004
FDQ22,OUT017,1459.7997899999998
FDS01,OUT013,3362.19013
FDW35,OUT027,2227.3673200000003
FDJ33,OUT046,1749.9221400000001
NCF54,OUT035,3016.60664
FDE09,OUT013,1901.65796
NCE06,OUT045,2782.57794
DRH49,OUT049,2317.38348
FDY43,OUT045,2681.77582
NCT05,OUT017,3714.8976799999996
FDZ34,OUT045,2943.5350900000003
FDL38,OUT017,1506.7386899999997
FDZ31,OUT017,3386.9245999999994
FDR14,OUT035,2320.1465500000004
NCN54,OUT049,1946.5661700000005
NCC42,OUT027,4165.910600000001
FDK08,OUT017,2024.4647699999998
FDP59,OUT013,1891.9039899999996
FDV22,OUT035,2482.83478
FDD33,OUT035,2756.34542
DRE60,OUT027,3776.3510200000005
FDK52,OUT046,2726.25126
FDA02,OUT017,2563.5630300000003
FDM56,OUT049,2271.11038
FDE57,OUT035,2172.5386900000003
FDM32,OUT045,1988.94434
NCQ30,OUT027,2867.13454
FDQ27,OUT027,3884.34378
FDT60,OUT027,2750.55296
FDU43,OUT049,2995.33433
NCO55,OUT035,1982.65253
FDG02,OUT045,2968.6357500000004
FDJ28,OUT013,2404.27038
FDP40,OUT045,1193.41321
FDJ38,OUT045,3454.63646
NCC54,OUT017,2798.1576600000003
NCZ41,OUT046,2323.3423900000003
FDK38,OUT019,430.90576
FDU52,OUT013,2293.54784
FDC40,OUT046,2169.47601
NCR30,OUT017,1351.20781
NCN18,OUT017,1783.31201
FDB50,OUT035,1304.6350999999997
FDG04,OUT013,2925.65836
FDR26,OUT035,2772.35791
NCT17,OUT018,2197.6060599999996
FDX35,OUT027,4924.29009
FDS12,OUT046,2134.05545
NCZ29,OUT027,3799.4542799999995
FDB38,OUT010,294.98268999999993
FDP12,OUT013,2011.2486400000003
FDP22,OUT046,1418.1872899999998
FDS26,OUT018,2928.6544600000007
FDR52,OUT046,2936.7439299999996
DRJ13,OUT046,1882.2166000000002
FDU48,OUT027,2730.07961
FDE29,OUT035,1850.1583299999998
NCT29,OUT049,1749.5892400000005
DRK37,OUT018,1981.65383
FDK55,OUT046,1562.8323399999997
FDR07,OUT046,1904.3877399999997
FDO21,OUT027,4142.10825
FDK46,OUT049,3357.22992
FDB12,OUT045,1409.6983400000001
FDT31,OUT027,4407.42955
FDJ33,OUT045,1877.5559999999998
FDC26,OUT027,2770.16077
NCQ02,OUT045,3434.163109999999
FDP08,OUT010,306.03497
FDB11,OUT027,5041.00483
FDV55,OUT013,2272.3754
FDW20,OUT049,2232.22766
NCJ18,OUT019,324.84382
FDC41,OUT018,1335.72796
FDE14,OUT027,3306.7955699999998
FDG35,OUT013,2506.2043599999997
FDF45,OUT035,2077.36258
FDS19,OUT027,2936.74393
FDS58,OUT019,333.36606
FDA26,OUT017,3711.13591
FDM32,OUT049,2123.2029100000004
FDL45,OUT046,2171.9727599999997
FDZ55,OUT049,2542.5237500000003
FDY37,OUT049,2307.0302899999997
FDO46,OUT046,2207.39332
FDQ60,OUT046,2708.9404600000003
FDA19,OUT018,1940.60726
FDL15,OUT046,1926.4590099999998
FDM10,OUT018,2529.14117
NCL05,OUT017,1303.4033699999998
DRK49,OUT010,285.59490999999997
NCE18,OUT027,6050.65724
FDG40,OUT049,1298.74277
DRI59,OUT045,2992.3715199999997
FDK28,OUT035,3466.32125
NCD06,OUT019,236.99150999999998
FDO11,OUT019,574.8184299999999
FDK27,OUT046,1805.78276
FDT43,OUT027,1891.5378
FDD38,OUT018,1712.4376
FDA16,OUT049,2790.56754
FDL14,OUT027,3776.1845700000003
NCM17,OUT049,1723.3900099999998
FDD20,OUT045,2449.7445199999993
FDA40,OUT045,1715.3005400000002
FDL43,OUT045,1939.67514
FDV15,OUT045,2238.3530199999996
FDE52,OUT046,2359.22901
NCL17,OUT010,381.13721000000004
NCJ31,OUT045,2700.3849299999993
FDR60,OUT045,1211.1567799999998
NCA18,OUT035,2583.6369
FDS21,OUT027,2216.5813599999997
FDW09,OUT035,1790.70239
FDL26,OUT035,2467.65454
FDS47,OUT018,1585.9356
FDC39,OUT046,2358.03057
FDT51,OUT035,2650.7495400000003
FDK40,OUT035,2861.4086599999996
NCG19,OUT045,2981.51898
FDZ07,OUT046,1796.2285299999999
FDF08,OUT027,2936.7439299999996
FDO04,OUT013,2146.1064300000007
FDK41,OUT018,1266.5513400000002
FDP15,OUT049,3252.433
NCD43,OUT018,2018.2728299999999
NCP18,OUT013,2288.1548599999996
FDZ51,OUT046,2162.71814
DRH13,OUT035,1916.37214
FDF38,OUT045,1638.99986
NCI43,OUT045,1280.4998500000002
FDM38,OUT027,2174.8357
FDS03,OUT013,1745.69431
DRJ47,OUT017,2613.6644800000004
FDT50,OUT010,314.85681999999997
FDV02,OUT046,2208.65834
NCG18,OUT017,1866.70346
FDW52,OUT046,2679.6452600000002
FDS40,OUT035,1644.75903
FDN31,OUT017,2664.49831
FDA37,OUT045,2311.95721
FDA15,OUT046,2479.93855
FDL39,OUT046,2492.5221699999993
FDJ53,OUT045,1560.7017799999999
FDX22,OUT013,2911.57669
NCZ42,OUT045,2829.48355
FDD56,OUT027,4811.80318
FDD40,OUT017,2587.2322200000003
FDS50,OUT013,3308.6930999999995
NCN14,OUT013,2805.6146200000003
FDT15,OUT013,2328.0695700000006
NCS18,OUT027,2751.3852100000004
NCO26,OUT010,334.76424
FDF58,OUT018,1675.6188599999998
NCB19,OUT013,1937.21168
FDH26,OUT017,2721.7571099999996
DRB24,OUT027,3865.3019
FDA49,OUT018,2061.2835099999998
FDB32,OUT045,1988.9443399999996
FDI36,OUT017,2695.32485
NCA17,OUT010,458.27013999999997
FDH22,OUT013,2631.4413400000003
NCM26,OUT018,2019.7708799999996
FDT15,OUT027,4591.22364
FDB16,OUT018,2120.0070700000006
NCP54,OUT027,2867.13454
FDJ36,OUT013,1843.96639
FDO28,OUT045,1721.6256399999997
FDU09,OUT013,1863.3411700000004
FDF29,OUT017,2156.69265
FDY08,OUT013,2678.44682
DRJ59,OUT018,1953.02443
FDT23,OUT027,2865.4367500000003
FDU15,OUT018,1921.06603
FDT47,OUT013,1777.2532299999998
FDI53,OUT019,359.69845
FDR59,OUT018,2664.3651499999996
FDD53,OUT035,1644.75903
FDY51,OUT017,2816.73348
FDT04,OUT049,1324.07646
FDU51,OUT049,2621.0548599999997
FDG14,OUT035,2927.5226
NCU06,OUT045,3414.4554299999995
DRG25,OUT046,1867.20281
DRH49,OUT035,1974.56306
FDN15,OUT035,2419.15101
FDL43,OUT018,1445.41851
NCT18,OUT049,3299.60493
NCB31,OUT013,3287.0545999999995
FDK57,OUT035,2347.8438300000003
FDY04,OUT019,371.74943
NCP54,OUT046,2267.5816400000003
FDF41,OUT013,2398.2116
FDM01,OUT045,2241.78189
FDW03,OUT045,2134.2219
FDF28,OUT045,2312.4565599999996
FDY37,OUT017,2563.7960599999997
FDQ03,OUT017,3044.67011
FDP51,OUT027,3439.38964
FDJ40,OUT017,2108.08925
FDC32,OUT049,2186.1543
DRI49,OUT027,1996.7341999999996
NCW54,OUT017,1204.9648399999999
FDF09,OUT017,937.14679
FDP45,OUT018,2554.3417
DRJ23,OUT018,2482.53517
FDS59,OUT017,2199.27056
FDY08,OUT046,2422.2136899999996
FDX16,OUT049,2271.17696
FDY16,OUT018,1914.2748700000004
FDK32,OUT035,2454.2386700000006
FDQ22,OUT013,1169.7440199999996
NCC31,OUT018,2304.03419
FDG58,OUT049,2396.8467100000003
DRF48,OUT013,2554.1086699999996
DRH36,OUT049,2280.9642200000003
NCR30,OUT035,2577.54483
FDB03,OUT019,428.94165000000004
FDZ28,OUT027,3786.4711799999995
FDR35,OUT017,2642.69336
DRD15,OUT027,5355.8283599999995
FDJ33,OUT019,286.76006
FDA56,OUT010,275.04198
FDP56,OUT046,1808.5791200000003
NCT30,OUT046,1342.78544
FDK15,OUT017,2180.6281599999998
FDH44,OUT018,2333.12965
FDV01,OUT013,1728.1504799999998
DRG03,OUT017,2328.36918
FDG50,OUT027,3209.72193
FDR16,OUT010,408.30185
FDZ60,OUT046,2350.7067700000002
DRG03,OUT045,2498.6475299999997
FDS56,OUT018,2235.3569199999997
FDU33,OUT045,1097.47143
DRD27,OUT035,2227.03442
FDW22,OUT046,2251.1696699999998
DRA24,OUT045,2467.5546700000004
FDF38,OUT049,1933.94926
FDX48,OUT013,2210.05652
FDS58,OUT018,2016.8413600000003
FDC32,OUT046,1677.7161300000002
NCQ29,OUT045,3611.6653900000006
DRK39,OUT018,2120.0070699999997
NCS38,OUT017,2004.69051
DRO47,OUT013,2545.8194599999997
DRG27,OUT027,3573.3818900000006
FDC57,OUT027,4849.75378
FDS55,OUT046,2297.8422499999997
NCJ06,OUT018,1336.2273099999998
FDO01,OUT019,325.5762000000001
NCM55,OUT045,2748.78859
FDC52,OUT049,2155.06144
FDQ15,OUT045,1747.5918399999998
NCT30,OUT027,1807.2475199999997
NCR42,OUT027,1759.6428199999998
FDD28,OUT035,1850.1583300000002
FDQ34,OUT049,2371.34657
FDZ12,OUT027,3017.93824
DRE13,OUT019,263.52364
NCN07,OUT019,338.69246
FDM28,OUT035,2708.54098
FDI10,OUT017,2565.5604300000005
FDQ25,OUT013,1894.8335100000004
FDA38,OUT010,371.88259
DRI13,OUT049,3032.88545
FDY20,OUT027,2936.7439299999996
NCZ53,OUT035,2640.19661
NCM31,OUT013,2331.43186
DRB01,OUT017,2564.4618600000003
DRF37,OUT046,1764.5031600000002
NCF42,OUT049,3490.4897899999996
FDF16,OUT018,1847.6948699999998
FDB41,OUT013,2045.5706300000002
FDR34,OUT013,2914.73924
FDR15,OUT018,2510.7318000000005
NCV42,OUT019,278.77046
FDW51,OUT035,2907.8149200000007
FDU36,OUT017,1595.5897
FDX60,OUT049,1741.9325400000002
FDY03,OUT035,2688.96646
FDW55,OUT045,4109.983399999999
FDT01,OUT010,299.21052
FDG58,OUT013,2772.25804
FDK21,OUT017,4367.2818099999995
NCS41,OUT019,353.7395399999999
FDS10,OUT045,2657.6405700000005
NCT53,OUT046,2638.59869
FDJ28,OUT018,2757.5105700000004
FDX44,OUT045,1232.22935
FDT20,OUT018,1001.16346
FDO44,OUT017,1993.3386200000004
NCX17,OUT049,2825.88823
FDY01,OUT017,2373.21081
FDJ12,OUT027,4422.31018
DRK35,OUT018,2270.5777399999997
FDD47,OUT019,416.99053999999995
NCM53,OUT035,2036.64891
FDO45,OUT013,2114.31448
NCM42,OUT010,353.83941000000004
FDE04,OUT046,2874.05886
NCI30,OUT027,6120.166759999999
FDZ19,OUT013,2561.7653699999996
FDW57,OUT013,2743.26245
FDA25,OUT013,1496.3854999999999
FDT22,OUT046,1508.3699000000001
FDP51,OUT013,2328.0695700000006
FDD48,OUT027,2560.30061
FDY39,OUT035,2643.35916
FDO48,OUT010,364.02615
FDD23,OUT027,3292.2145499999997
DRN35,OUT027,2955.58607
FDT01,OUT035,3029.52316
FDC20,OUT010,187.72231
DRJ35,OUT035,1980.8548700000003
FDB32,OUT046,1716.3325300000001
FDL24,OUT046,2913.24119
NCV42,OUT035,2213.3855200000007
FDZ46,OUT046,2291.7168899999997
FDC15,OUT013,2631.67437
FDD08,OUT019,239.85444999999999
FDY50,OUT049,1989.34382
FDD36,OUT013,2012.9464299999995
FDG57,OUT027,1744.6623200000001
FDL21,OUT018,1385.46322
FDN16,OUT027,3343.38128
FDJ09,OUT027,1703.4492999999998
FDS01,OUT010,316.02197
FDV33,OUT017,3995.1328999999996
DRE12,OUT017,1873.2283
FDR07,OUT013,1687.93616
FDP48,OUT010,288.75746000000004
NCB55,OUT035,1966.7066199999997
FDQ08,OUT013,1848.79344
FDR34,OUT035,2993.1039
FDO33,OUT046,2011.4150899999997
FDP13,OUT045,1573.55172
FDX12,OUT049,2347.37777
NCT06,OUT049,3196.6389599999998
FDR16,OUT019,439.79418999999996
FDE36,OUT046,2589.5292299999996
FDZ36,OUT049,2259.15927
FDV13,OUT045,1927.65745
NCZ17,OUT035,1685.8721799999998
FDU56,OUT045,2856.9810899999998
FDM09,OUT035,2621.6873700000006
FDV02,OUT017,2510.79838
FDS34,OUT018,1761.6735099999999
FDA11,OUT049,1755.98092
FDP09,OUT017,3115.87742
FDB29,OUT027,3343.38128
FDT19,OUT017,2578.1773399999997
DRH15,OUT017,1344.5831000000003
FDY38,OUT046,2537.3638
FDF14,OUT027,3949.8252100000004
FDN48,OUT010,296.08126
FDQ12,OUT013,2799.28952
NCJ43,OUT045,2893.26719
FDE17,OUT019,377.60847
FDB05,OUT035,2861.40866
FDH10,OUT045,2753.54906
NCR06,OUT017,1033.42147
FDU32,OUT018,1702.88337
FDD56,OUT049,3072.10107
FDO36,OUT018,1681.9439599999998
FDH16,OUT010,269.18294000000003
FDX10,OUT018,1651.74993
FDZ37,OUT017,1736.67272
FDU31,OUT010,404.2737599999999
DRC49,OUT049,2715.6317499999996
FDL15,OUT045,2236.3889100000006
FDN32,OUT019,372.41523
DRH59,OUT027,3220.2082800000003
NCU29,OUT049,2128.4294400000003
FDR37,OUT019,445.45349
FDS14,OUT018,2695.39143
FDU02,OUT027,4421.64438
FDJ08,OUT035,2584.33599
NCZ06,OUT045,3314.41898
FDO31,OUT049,2808.14466
FDH31,OUT018,2061.7828600000003
FDS58,OUT017,2539.2613300000003
NCA53,OUT027,2416.9538700000003
FDF50,OUT046,2007.5867400000002
NCW42,OUT049,3778.2818400000006
NCQ17,OUT045,2630.20961
FDK51,OUT018,2944.2341800000004
NCW41,OUT010,455.30733
NCR29,OUT017,1520.25443
FDB08,OUT019,372.41523
FDA40,OUT027,3041.3743999999997
FDL14,OUT018,1985.7817899999998
FDB47,OUT046,2631.4746299999997
FDO03,OUT035,2696.42342
DRK13,OUT019,355.60378
FDX13,OUT010,394.15360000000004
FDF52,OUT046,2625.64888
FDT11,OUT013,2796.19355
FDB08,OUT013,2608.5045299999997
FDQ28,OUT018,1997.0670999999998
FDD29,OUT045,3647.45214
NCQ29,OUT027,4542.8532700000005
NCO02,OUT013,1763.50446
FDR56,OUT010,352.17491000000007
NCM54,OUT049,2831.11476
FDP51,OUT035,2708.3412400000007
FDT38,OUT013,1937.9107699999997
FDZ20,OUT018,2960.18009
FDJ53,OUT013,2280.63132
FDX13,OUT049,2492.4555900000005
FDP58,OUT035,3727.7476199999996
NCK31,OUT019,222.74339
FDA35,OUT018,1929.35524
FDV37,OUT018,2263.85316
NCO07,OUT027,4064.60913
FDA20,OUT045,2247.90725
FDZ59,OUT035,1905.41973
NCY17,OUT017,1347.9786799999997
FDQ28,OUT035,2380.6011900000003
FDV35,OUT017,2340.18713
FDQ36,OUT013,1926.75862
FDD34,OUT018,2454.0389299999997
FDK51,OUT045,3322.9412199999997
FDV31,OUT035,2733.8746699999997
FDR04,OUT035,1971.13419
FDR14,OUT049,1708.4428
DRC36,OUT010,526.1151600000001
FDE39,OUT019,317.32028
FDP57,OUT049,1971.33393
FDE57,OUT046,2412.8592
NCN18,OUT046,1797.6267099999998
NCQ05,OUT018,1961.2803500000005
FDW47,OUT035,2030.85645
FDV46,OUT035,2787.1386700000003
NCP29,OUT045,1600.4500400000002
FDE09,OUT018,1634.6721599999998
NCU06,OUT027,6140.407079999999
FDT19,OUT010,363.5268
DRF15,OUT017,2338.2896
DRI51,OUT013,2979.02223
NCX54,OUT013,1828.2867999999999
DRE01,OUT013,2652.24759
NCB07,OUT045,3298.80597
FDU50,OUT035,2785.30772
FDG40,OUT035,1772.12657
FDW10,OUT018,2126.06585
FDX51,OUT013,2328.06957
NCP17,OUT045,1244.7131000000002
FDP21,OUT035,2805.1485599999996
FDL04,OUT045,1633.67346
FDV23,OUT013,2159.3225599999996
FDF24,OUT046,2707.34254
FDH56,OUT027,3539.22635
FDB51,OUT049,1687.7031300000003
FDI58,OUT027,2571.38618
FDR20,OUT013,1690.3996200000001
FDC51,OUT018,2089.6798799999997
FDB16,OUT027,3573.3818899999997
FDE40,OUT049,2162.98446
NCM17,OUT035,1994.3373199999999
FDU56,OUT035,2680.1778999999997
FDS32,OUT019,372.58167999999995
FDX02,OUT049,2516.19136
FDT39,OUT027,3904.584100000001
FDE35,OUT017,2197.00684
NCI42,OUT019,310.1629300000001
DRL23,OUT046,2099.7334600000004
FDA10,OUT046,2430.20329
FDA11,OUT013,1944.90167
NCM06,OUT046,2479.8053900000004
NCT05,OUT035,2965.8061000000002
NCQ02,OUT010,434.43449999999996
NCY06,OUT049,3078.9588100000005
FDY56,OUT035,3244.64314
FDL02,OUT035,2559.26862
NCI06,OUT035,2781.17976
FDQ14,OUT045,2317.54993
FDQ12,OUT017,3034.3502099999996
FDP36,OUT046,2708.9404600000003
FDK21,OUT027,5738.630069999999
FDO40,OUT045,2269.1129800000003
NCK54,OUT019,306.36787
FDY09,OUT018,2443.61916
NCW30,OUT049,3388.28949
NCC55,OUT027,2225.8026900000004
FDE58,OUT018,1761.90654
FDR39,OUT013,2819.46326
FDU28,OUT049,2440.42332
FDH08,OUT017,2573.01739
FDG35,OUT045,2539.56094
FDG22,OUT049,1658.10832
FDC34,OUT035,2705.61146
FDP15,OUT018,2243.6128400000002
FDK34,OUT010,440.0605100000001
FDU45,OUT035,2221.04222
FDQ04,OUT027,1603.64588
FDX22,OUT018,2527.7762799999996
FDB45,OUT017,1926.32585
NCH43,OUT027,6117.803169999999
DRE60,OUT046,1900.0933300000002
FDD17,OUT027,4287.15278
NCM54,OUT017,2224.1049000000003
NCH55,OUT013,2177.3324499999994
NCT06,OUT017,2892.9010000000003
FDA48,OUT027,3017.9382400000004
FDY58,OUT027,5691.591299999999
FDO25,OUT045,2442.18769
FDN50,OUT045,1953.22417
FDH35,OUT035,2913.07474
FDK09,OUT045,3789.86676
FDO16,OUT013,2280.6313200000004
FDW11,OUT045,1794.7304799999997
FDU47,OUT027,4216.211789999999
NCQ42,OUT010,291.22092000000004
FDK55,OUT027,3441.38704
FDN08,OUT049,2907.38215
FDT57,OUT045,4100.89523
FDJ12,OUT018,2207.29345
DRL59,OUT017,1333.7305599999997
NCN53,OUT046,1757.91174
FDO51,OUT010,325.24330000000003
FDK56,OUT017,3021.7333000000003
FDY12,OUT035,1507.67081
FDU15,OUT035,2600.4150600000003
FDQ19,OUT046,3390.4200499999997
DRF15,OUT045,2350.83993
DRE25,OUT019,290.9546
FDK57,OUT018,1885.97837
FDD33,OUT010,367.28857
FDR34,OUT027,4142.108249999999
FDU04,OUT045,1617.5611000000001
FDE35,OUT019,179.36652000000004
NCD31,OUT035,2941.0050500000007
FDJ56,OUT035,1580.8089400000001
NCU53,OUT046,2638.59869
FDD39,OUT035,3020.63473
NCU17,OUT019,363.79312000000004
FDJ20,OUT046,1979.3235299999997
NCW41,OUT018,2281.39699
FDL52,OUT035,1584.4042599999998
FDS39,OUT035,2321.1452500000005
DRJ47,OUT045,2613.6644800000004
FDP13,OUT010,207.0638
DRK39,OUT010,303.1054500000001
FDF28,OUT010,266.95251
FDB09,OUT045,2380.1018400000003
FDM51,OUT046,2145.9066900000003
DRM49,OUT018,844.00137
DRF23,OUT013,2611.10115
DRH01,OUT035,2133.1566200000007
FDH12,OUT027,2570.02129
FDA28,OUT019,330.50312
FDW37,OUT018,2061.28351
FDF02,OUT046,2193.24507
DRL37,OUT046,1343.01847
NCF43,OUT046,2142.9771699999997
FDH08,OUT010,373.28077
FDR34,OUT019,348.94577999999996
NCK19,OUT049,3362.4564500000006
NCD55,OUT018,979.89115
FDT27,OUT049,2677.9141799999998
FDQ57,OUT045,1961.3469299999997
FDA47,OUT035,2002.4600799999996
DRG15,OUT027,3573.3818899999997
FDE05,OUT018,1830.6836800000005
FDN46,OUT046,1772.62592
FDX27,OUT027,3496.41541
FDT51,OUT045,1991.5076700000002
FDU33,OUT013,1863.3411700000001
FDJ16,OUT027,1823.16014
FDD20,OUT019,372.41522999999995
FDT36,OUT049,1565.42896
DRF15,OUT027,4015.20677
FDN52,OUT010,255.66719999999995
FDC22,OUT027,3973.4943999999996
FDX15,OUT045,2523.64832
FDT13,OUT013,3324.4059800000005
FDU04,OUT017,1930.6202600000001
FDU31,OUT019,359.63187000000005
FDW59,OUT027,3088.2800099999995
NCO29,OUT046,2506.23765
FDL15,OUT035,2521.1182799999997
FDI41,OUT049,2225.2700499999996
FDQ48,OUT049,2283.32781
DRI39,OUT013,2089.74646
FDI08,OUT013,3450.4086300000004
FDC21,OUT049,2343.2498100000003
FDF58,OUT035,2275.07189
FDS08,OUT010,373.28076999999996
FDE47,OUT045,2674.8514999999998
NCP18,OUT019,296.3808700000001
NCR41,OUT013,1766.1676600000003
FDA27,OUT013,2573.6499
FDA43,OUT035,2922.26278
FDA49,OUT045,1688.76841
NCE55,OUT018,2306.3311999999996
DRM49,OUT027,2012.6135299999999
FDF22,OUT027,5691.5913
FDQ15,OUT018,1996.53446
NCS54,OUT017,3211.35314
NCY05,OUT013,1562.5327300000001
FDR45,OUT046,2749.487680000001
FDK57,OUT049,2256.56265
FDF41,OUT010,397.9486600000001
FDV21,OUT046,2236.6552299999994
FDD51,OUT046,1864.1734199999999
FDF33,OUT046,2008.6520200000002
FDA38,OUT046,2358.9626900000003
FDR56,OUT045,3255.89516
NCN41,OUT017,1987.413
FDC60,OUT027,3998.1955799999996
FDB47,OUT045,3310.52405
DRH01,OUT013,2515.8251699999996
FDW08,OUT046,1860.51152
FDF38,OUT027,3306.7955700000007
FDY32,OUT017,2654.2117000000003
FDG34,OUT049,1781.2147400000001
FDG47,OUT019,497.85194999999993
NCF18,OUT035,3013.71041
FDL39,OUT019,425.81239000000005
NCH55,OUT035,2734.14099
DRJ35,OUT049,2333.32939
FDS44,OUT035,3266.14848
DRE01,OUT018,2459.69823
FDY39,OUT013,2328.0695699999997
FDY32,OUT018,2390.05555
FDR33,OUT027,2875.95639
NCP50,OUT049,2321.3117
FDZ47,OUT018,1895.5991799999997
FDU57,OUT049,2379.66907
FDY44,OUT013,3281.19556
DRH59,OUT018,2061.7828600000003
FDB03,OUT027,3496.41541
FDY46,OUT045,2733.67493
FDM39,OUT045,2759.8075799999997
FDY36,OUT035,1721.45919
NCM55,OUT035,2938.9743600000006
FDJ50,OUT010,202.80268
DRL60,OUT013,2554.10867
NCJ54,OUT049,3693.1593100000005
FDX59,OUT017,1828.4865400000003
FDI07,OUT013,2328.06957
DRF51,OUT010,281.60011
FDM14,OUT017,1830.48394
FDP21,OUT045,3034.74969
FDE40,OUT035,2785.3077200000002
FDE05,OUT035,1830.1843300000005
FDM13,OUT027,3742.7614100000005
FDC34,OUT027,3461.39433
NCI55,OUT018,1386.7948199999998
NCE43,OUT018,2169.14311
FDW58,OUT018,1736.6061400000003
FDG60,OUT045,2768.1633699999998
FDV31,OUT017,2760.240349999999
FDR47,OUT013,2613.1318399999996
FDM60,OUT019,234.62792000000005
NCF06,OUT018,2340.65319
NCN26,OUT027,2867.13454
FDQ59,OUT049,2114.38106
FDF09,OUT046,1937.4779999999998
NCS06,OUT017,4120.935809999999
FDT44,OUT046,1639.06644
FDI19,OUT017,2648.51911
FDT22,OUT017,1218.88006
NCF54,OUT027,4524.57706
DRG25,OUT045,2407.76583
FDB59,OUT017,2815.5683300000005
FDQ37,OUT017,2574.3157
FDP56,OUT035,1844.6321899999996
FDW44,OUT035,2838.23882
FDJ26,OUT010,370.08493
FDU43,OUT018,2850.09006
FDW33,OUT045,1596.08905
NCX53,OUT027,4022.39741
FDN56,OUT010,357.66776
DRF15,OUT049,2207.4266100000004
FDO33,OUT017,2027.7937699999998
FDZ39,OUT010,356.33615999999995
NCJ19,OUT017,1665.53199
FDU01,OUT035,2734.24086
FDT12,OUT035,2015.9425300000003
NCM18,OUT018,1169.01164
FDP19,OUT017,1981.6205400000003
NCR42,OUT049,1495.0871899999997
FDN10,OUT046,2215.48279
FDG44,OUT017,1120.8077200000002
FDQ10,OUT046,2424.97676
DRH13,OUT049,2248.34002
FDT52,OUT013,2560.26732
FDM56,OUT045,2027.0281
NCO43,OUT010,290.45525
NCV29,OUT035,2550.28032
NCF06,OUT013,3377.5701100000006
FDO50,OUT035,1642.9946599999998
FDT59,OUT013,2760.8395699999996
FDX40,OUT027,1511.96522
FDE50,OUT017,3049.49716
FDX51,OUT017,2880.88331
NCD30,OUT018,1121.2072
FDK15,OUT013,2205.26276
FDL12,OUT045,1223.8402700000001
FDK46,OUT017,4394.37987
DRH49,OUT010,307.23340999999994
FDQ57,OUT046,2536.7645800000005
FDY59,OUT017,1506.10618
FDO09,OUT018,2529.4740699999998
NCG30,OUT035,2709.10691
FDM09,OUT017,2805.48146
NCN17,OUT027,3169.8738000000003
NCS42,OUT013,1664.76632
FDD02,OUT019,330.30337999999995
FDE34,OUT013,2807.6120199999996
FDU38,OUT045,3058.21914
FDB33,OUT046,2243.24665
NCJ29,OUT017,1716.8318800000002
FDZ27,OUT035,2219.8770699999995
FDI40,OUT013,1822.2613099999999
FDG22,OUT013,2122.63698
FDT51,OUT017,1979.9893299999997
FDF20,OUT018,2949.6604500000003
FDV50,OUT035,2359.52862
FDT02,OUT049,1592.09425
DRC49,OUT017,2265.3179200000004
FDF26,OUT049,2393.98377
FDV52,OUT035,2158.55689
FDX59,OUT049,1695.02693
FDV25,OUT035,2299.87294
FDW23,OUT027,2630.07645
FDE53,OUT018,1709.6412400000002
FDA19,OUT017,2035.8166599999997
FDH22,OUT046,2422.57988
NCO41,OUT013,1801.9877000000001
FDX12,OUT017,2942.43652
FDF17,OUT013,2398.2116000000005
FDS11,OUT045,2307.5962200000004
FDR51,OUT035,2664.8645000000006
FDT49,OUT010,263.62351
FDC56,OUT013,2082.88872
FDR13,OUT027,3306.7955700000007
FDQ60,OUT035,1606.7751400000002
FDN38,OUT049,2815.90123
NCL29,OUT013,1907.1175200000002
FDO13,OUT027,4819.79278
FDE26,OUT018,1960.6811300000002
FDA31,OUT010,374.27947000000006
FDX14,OUT035,2148.07054
FDA34,OUT045,2943.53509
FDF26,OUT013,1829.4852400000004
FDE38,OUT045,2315.9187200000006
DRI11,OUT046,2133.4229400000004
FDQ60,OUT027,3837.5380400000004
FDL21,OUT027,2042.4413699999998
DRC12,OUT027,3865.301900000001
FDC47,OUT046,2625.44914
FDE57,OUT045,1981.65383
FDT14,OUT045,1909.61427
NCZ53,OUT046,2917.5356
FDE28,OUT018,1966.4403000000002
FDR19,OUT035,2090.0793600000006
NCF54,OUT019,312.85942000000006
FDZ08,OUT046,2050.86374
NCJ05,OUT018,2383.1645200000003
FDF59,OUT046,2334.79415
NCO05,OUT035,2163.5836800000006
FDW24,OUT018,1873.62778
NCX42,OUT018,2358.76295
NCA53,OUT035,1428.30745
FDI45,OUT019,372.41522999999995
FDG46,OUT046,1867.0696500000001
FDM20,OUT010,373.28077
FDW11,OUT010,296.58061
FDX08,OUT035,2644.62418
NCK17,OUT035,1889.93988
FDK32,OUT018,2570.18774
NCA42,OUT035,3305.3641000000002
DRI01,OUT035,2176.36704
NCL55,OUT049,3728.1470999999997
DRE25,OUT018,1342.8853100000001
FDD14,OUT017,2982.6508400000002
FDB10,OUT046,2727.84918
DRN11,OUT035,2316.38478
FDP38,OUT018,1877.62258
NCA30,OUT017,2802.2856199999997
FDT15,OUT017,3040.8750499999996
NCP55,OUT018,1694.19468
FDF12,OUT035,1758.01161
FDM21,OUT018,2445.3502399999998
FDX56,OUT035,3140.07925
FDF10,OUT017,2615.82833
FDT32,OUT045,3453.5711800000004
FDM51,OUT018,2089.9462
NCR50,OUT018,1982.15318
FDI19,OUT049,3221.6730400000006
FDX21,OUT017,1778.7845700000003
FDR31,OUT035,2637.66657
FDY02,OUT013,2573.6499000000003
NCA29,OUT045,3266.38151
NCX17,OUT046,2905.551200000001
FDM12,OUT045,2965.34004
FDI53,OUT027,4131.122550000001
NCU30,OUT049,2631.6410800000003
FDC56,OUT027,3308.3269099999998
FDK27,OUT018,1578.7782499999998
NCK18,OUT017,3017.2724399999997
FDB52,OUT019,317.32028
DRG25,OUT027,3865.3019
FDZ13,OUT049,1337.4257499999999
FDB57,OUT019,359.63187
FDR40,OUT046,2022.4007900000001
NCO14,OUT019,262.25862
NCN19,OUT045,2728.5482700000002
FDQ28,OUT019,377.94137
FDO13,OUT018,2090.9449
FDK48,OUT013,1944.90167
FDU07,OUT018,2004.0247099999997
FDW20,OUT046,1959.7157199999997
FDV12,OUT010,246.94522000000006
FDH24,OUT013,2457.5010899999997
FDV59,OUT049,2984.6815300000003
FDK57,OUT045,1833.1471400000003
FDL16,OUT027,1823.16014
NCQ17,OUT046,2339.35488
FDJ15,OUT018,2222.7400099999995
FDX24,OUT049,1678.08232
FDT47,OUT046,2387.3923500000005
FDT10,OUT049,1658.10832
FDZ37,OUT018,1657.47581
FDW43,OUT027,5503.569379999999
DRN36,OUT017,1419.55218
FDJ14,OUT045,1772.32631
FDA32,OUT013,3522.84767
FDJ38,OUT019,509.57003000000003
FDQ57,OUT017,2105.4260500000005
NCQ41,OUT019,364.55879
FDG56,OUT049,2128.99537
DRC13,OUT027,3452.70564
FDV55,OUT035,2470.8170900000005
FDQ49,OUT045,2573.11726
FDE29,OUT010,266.81935
FDR03,OUT013,2328.0695700000006
FDD45,OUT049,2124.20161
FDN38,OUT010,402.94215999999994
FDT56,OUT046,1796.2285300000003
FDT48,OUT045,2653.34616
FDU03,OUT049,2596.02078
FDC56,OUT010,299.97619
NCO43,OUT027,2479.83868
FDQ27,OUT017,2134.2219
FDR03,OUT046,2422.8794900000003
DRH23,OUT010,224.40789000000004
FDG22,OUT045,1238.15497
NCJ42,OUT013,1889.93988
FDR24,OUT046,2708.40782
FDW60,OUT035,1905.41973
FDJ08,OUT013,2965.7062299999993
DRL59,OUT018,1885.1461200000006
FDG60,OUT010,380.30496000000005
FDW27,OUT017,2245.3439199999993
FDX14,OUT018,2016.2421399999998
FDC20,OUT013,1349.1105400000001
NCS29,OUT018,2470.1512900000002
FDJ56,OUT046,2063.51394
FDB20,OUT019,372.41522999999995
FDL28,OUT027,4769.32514
FDW01,OUT018,1851.8228300000003
FDL03,OUT046,2440.3234500000003
FDX22,OUT049,3458.79771
FDJ21,OUT035,2352.20482
FDR31,OUT045,2056.82265
FDG21,OUT035,2846.8942199999997
FDS22,OUT027,2042.4413699999998
FDK08,OUT035,1811.0425800000005
FDE17,OUT018,1559.0039899999997
NCN30,OUT017,1791.6678
FDT50,OUT046,2312.12366
NCX42,OUT049,2832.84584
FDJ12,OUT035,2020.5365500000007
NCA18,OUT027,2803.9501200000004
FDP23,OUT019,481.00721000000004
FDX12,OUT013,3021.3005300000004
FDN40,OUT018,2267.3153200000006
FDV48,OUT035,1507.67081
NCY54,OUT013,2538.52895
FDL16,OUT010,224.54104999999998
FDR45,OUT018,2705.1454000000003
FDJ52,OUT046,2577.77786
DRG01,OUT017,1253.3685
FDP52,OUT013,2670.82341
FDU58,OUT017,2822.22633
FDL02,OUT045,2364.0893499999997
FDG28,OUT013,2632.97268
FDA19,OUT035,2126.06585
FDW46,OUT027,1972.9318500000002
NCD43,OUT049,1910.0803299999995
DRG39,OUT013,2089.7464600000003
NCF55,OUT049,1471.3847099999998
FDJ07,OUT046,1759.2766299999998
FDE08,OUT046,2210.456
FDP56,OUT019,372.41522999999995
FDT45,OUT045,1284.29491
FDF17,OUT018,2348.74266
FDX44,OUT046,1829.8847200000005
FDM28,OUT027,4041.20626
FDI36,OUT049,2363.4568400000003
FDS07,OUT045,1854.15313
FDD36,OUT045,1529.6754999999998
FDW11,OUT046,1156.8940799999998
FDN40,OUT049,2162.15221
NCQ18,OUT049,2241.6154399999996
NCQ54,OUT017,2802.8182599999996
NCS42,OUT045,1812.87353
DRH39,OUT010,283.13145000000003
FDC09,OUT027,3257.6262400000005
FDT08,OUT010,373.28076999999996
FDC08,OUT035,3140.07925
FDT20,OUT017,1006.2568299999999
FDS35,OUT035,1886.14482
FDX58,OUT018,2274.0398999999998
FDW58,OUT046,2207.1270000000004
DRD27,OUT046,1820.2639100000001
FDH32,OUT019,359.76502999999997
FDS26,OUT035,2966.6050600000003
FDQ31,OUT046,2439.02514
FDP11,OUT018,3109.2194200000004
FDD58,OUT017,1729.3156299999998
FDM33,OUT045,3602.7103800000004
FDZ16,OUT049,2442.0878199999997
NCS29,OUT010,698.52407
NCM18,OUT019,236.99151
FDP11,OUT049,2649.95058
NCC42,OUT017,2150.46742
DRM23,OUT046,2343.9489000000003
NCN55,OUT027,4264.482290000001
FDK46,OUT013,3348.00859
FDR01,OUT046,2223.67213
NCA05,OUT045,2064.2130300000003
NCP43,OUT017,2493.7539000000006
FDR12,OUT010,294.2836
FDQ01,OUT013,1979.8561700000002
FDM13,OUT046,2547.7502799999997
FDQ19,OUT017,4263.616749999999
FDK56,OUT019,369.55228999999997
NCX06,OUT010,392.28935999999993
FDO56,OUT027,3539.2263499999995
FDU45,OUT045,1889.60698
FDI16,OUT019,296.74706000000003
FDL32,OUT046,1752.9182399999997
FDA07,OUT046,2733.9412500000003
FDA14,OUT045,2244.8778600000005
FDV46,OUT027,3399.04216
NCO07,OUT035,2750.55296
NCP41,OUT046,1852.52192
FDY60,OUT018,2071.17064
FDN38,OUT017,3285.5898400000005
FDO15,OUT046,2204.1309
FDT60,OUT013,2035.71679
FDA55,OUT035,3216.8127000000004
FDE02,OUT010,226.30541999999997
DRJ39,OUT049,2328.80195
FDV34,OUT035,1821.6620900000003
FDS20,OUT027,4445.97937
FDF02,OUT027,2770.16077
FDW40,OUT017,2236.32233
NCB43,OUT046,2616.62729
FDR58,OUT017,1721.39261
DRJ59,OUT035,2117.44374
NCD30,OUT017,1689.93356
FDE14,OUT017,1892.27018
FDC28,OUT018,1817.20123
FDU16,OUT018,1415.6572499999997
NCD19,OUT035,2343.5494200000003
FDU21,OUT046,1350.50872
FDV59,OUT027,5106.05349
FDU03,OUT045,2577.7445700000003
FDC33,OUT010,403.57466999999997
NCR42,OUT035,2192.84559
DRH59,OUT035,2191.94676
NCM31,OUT035,2117.5769000000005
FDS50,OUT035,3020.63473
FDP39,OUT046,1258.79477
FDQ55,OUT013,1961.9794399999996
FDV36,OUT019,310.79544
FDI05,OUT027,3007.0856999999996
FDS45,OUT027,2818.3979799999997
FDA39,OUT045,1799.2912099999999
FDC37,OUT010,268.9832
FDJ60,OUT027,4186.5504
DRQ35,OUT046,2088.2484099999997
NCJ06,OUT046,1515.12777
NCY42,OUT018,2278.10128
DRM37,OUT049,2991.20637
FDR14,OUT045,1203.26705
FDE51,OUT049,2154.32906
FDT33,OUT017,2642.5602000000003
FDR08,OUT013,1941.87228
FDE36,OUT010,287.65889000000004
FDL22,OUT019,344.5515
FDR44,OUT013,2734.64034
FDI56,OUT019,359.76502999999997
FDE47,OUT010,348.2134
FDV27,OUT010,352.57439000000005
FDV10,OUT049,1445.61825
FDC40,OUT045,1573.2854
NCX41,OUT013,2377.77154
NCQ38,OUT027,2366.7858399999996
FDV12,OUT027,3959.94537
FDE52,OUT017,1496.5186600000002
FDG20,OUT027,4731.94047
FDV16,OUT027,3041.3743999999997
FDI32,OUT017,1569.2905999999998
FDJ32,OUT049,1638.2008999999998
FDN39,OUT018,2457.66754
FDY34,OUT017,2789.40239
FDC14,OUT035,2503.7076100000004
FDA55,OUT017,4141.87522
FDZ50,OUT010,406.1379999999999
DRG13,OUT049,2588.83014
FDP01,OUT013,2377.0391600000003
NCG54,OUT017,3269.61064
FDM13,OUT045,2374.6089899999997
NCO18,OUT027,4421.27819
NCW41,OUT013,2358.4300500000004
FDM52,OUT027,3084.6513999999997
NCF55,OUT035,2192.8455900000004
FDT09,OUT046,1679.6136599999998
NCM19,OUT035,1894.8668000000002
FDW12,OUT018,2071.17064
FDP15,OUT019,459.73490000000004
FDK36,OUT045,1422.0156399999998
FDZ25,OUT035,2790.1347699999997
NCW06,OUT049,3867.831940000001
FDW60,OUT046,2913.24119
DRC49,OUT013,2554.10867
NCT17,OUT035,2719.09391
NCN06,OUT018,2299.93952
FDC45,OUT013,2681.87569
DRJ47,OUT019,333.96528
NCF06,OUT045,4136.44895
FDE21,OUT010,373.28076999999996
DRG27,OUT013,1861.7432500000002
FDW40,OUT049,1934.41532
NCO53,OUT046,2852.45365
FDE23,OUT049,1440.8244900000002
FDQ16,OUT046,1895.63247
FDS26,OUT045,3725.6170599999996
FDZ13,OUT010,208.26224000000002
FDS14,OUT049,1989.34382
FDC10,OUT045,1971.3339299999996
FDY16,OUT049,2484.53257
FDJ20,OUT035,2028.4595699999998
FDV43,OUT035,1769.4300799999996
FDZ32,OUT027,3279.8306700000003
FDR23,OUT046,2890.70386
FDN24,OUT035,1734.4422899999997
FDE34,OUT027,4219.906980000001
FDU31,OUT013,3499.910860000001
FDW33,OUT018,1885.9783699999996
FDU26,OUT046,2268.31402
FDE20,OUT027,4356.06308
NCW05,OUT035,2247.075
FDB22,OUT018,2454.0389299999997
FDO56,OUT046,2458.9658499999996
FDA19,OUT027,3493.1529899999996
DRI39,OUT045,1141.8802899999998
FDH52,OUT018,1285.1604499999999
FDZ50,OUT035,3006.2534499999997
NCN42,OUT035,2661.0028600000005
FDB53,OUT013,2146.1064300000003
DRG11,OUT017,1980.0226199999997
DRK11,OUT027,3357.86243
FDQ60,OUT017,2295.6784000000002
FDT36,OUT017,1275.0069999999998
DRG25,OUT018,2170.70774
DRJ23,OUT046,2346.81184
FDG05,OUT035,2341.01938
NCK06,OUT018,2027.1945500000002
FDU52,OUT017,2200.03623
FDW07,OUT018,1839.6054
NCM17,OUT045,1391.5219999999997
FDA22,OUT045,2943.5350900000003
NCA41,OUT018,2428.3723399999994
FDF38,OUT035,2503.7076100000004
FDH52,OUT046,1772.7590800000003
FDY58,OUT019,509.2038400000001
FDZ16,OUT045,2689.23278
NCM18,OUT017,1198.67303
FDA22,OUT018,1792.6997900000001
NCJ43,OUT035,3208.29046
FDI34,OUT027,4072.7984699999993
FDG56,OUT046,2142.5111100000004
FDS34,OUT046,1670.65865
DRC01,OUT035,1172.50709
FDQ04,OUT035,1930.8532900000002
FDK04,OUT035,1930.8532899999998
FDT51,OUT049,2394.2833800000003
FDV26,OUT017,2636.13523
FDS04,OUT049,1746.1270799999998
FDW43,OUT018,2850.09006
FDQ28,OUT010,351.44253
NCK06,OUT017,2193.31165
FDS23,OUT018,2247.47448
FDZ36,OUT019,497.65221
FDE56,OUT018,1531.5397400000002
FDW10,OUT027,3887.90581
NCN14,OUT045,2241.61544
NCQ18,OUT045,1821.0961600000003
FDW08,OUT017,1629.5455
FDU43,OUT035,3140.0792500000002
FDR33,OUT010,374.74553000000003
FDM24,OUT010,293.65109
NCZ05,OUT046,2033.7859700000001
NCV41,OUT035,2118.2094100000004
FDV11,OUT018,2311.4245699999997
NCY05,OUT035,1560.60191
FDV44,OUT018,1942.17189
FDW32,OUT049,2083.2882000000004
NCU18,OUT027,3437.9914599999997
NCC43,OUT035,3381.2320100000006
FDW19,OUT013,1958.5505699999999
FDN31,OUT035,2631.4413400000003
FDI48,OUT045,1155.4626099999998
FDS24,OUT017,1985.8816600000002
FDF46,OUT049,2883.54651
DRG23,OUT017,2552.84365
FDG14,OUT018,2008.01951
NCY30,OUT049,3232.0928099999996
FDO28,OUT018,2150.0013599999997
DRD24,OUT035,1980.68842
FDI33,OUT049,1991.1414800000002
FDN32,OUT046,2278.00141
FDR16,OUT045,3239.7828
FDF26,OUT046,2176.60007
NCN29,OUT018,1185.9229599999999
FDE20,OUT045,2410.8617999999997
FDA46,OUT046,2501.4106
FDU28,OUT045,2840.9020199999995
FDQ48,OUT045,1490.4598799999997
FDV36,OUT013,2170.3082600000002
FDR14,OUT018,2003.7916800000003
FDP23,OUT017,2601.84653
FDP56,OUT013,1470.58575
FDK48,OUT010,231.6984
FDR48,OUT046,2134.05545
NCY29,OUT049,1337.29259
FDM22,OUT018,1385.4632199999999
DRJ01,OUT013,2554.1086699999996
FDZ43,OUT045,4318.445380000001
FDV03,OUT035,2464.82489
FDX11,OUT027,4412.19002
NCA41,OUT027,4399.87272
FDE38,OUT017,2648.05305
FDI27,OUT018,2064.71238
FDN32,OUT013,3246.2743500000006
NCN43,OUT017,2015.0437000000002
FDB47,OUT027,5540.82089
FDV03,OUT017,2305.6654000000003
NCN30,OUT045,2155.5607899999995
NCV54,OUT010,307.1335399999999
FDV07,OUT013,1901.65796
FDP07,OUT049,3067.2407300000004
FDK48,OUT018,1873.62778
FDM15,OUT019,403.5746700000001
FDY19,OUT027,3413.9893700000002
FDK46,OUT046,2727.3165400000007
FDY11,OUT045,1653.5475899999997
FDH09,OUT046,1102.8976999999998
FDO08,OUT027,4526.1084
FDU14,OUT013,3308.6930999999995
FDD22,OUT027,3132.1895200000004
FDM27,OUT017,2081.3906700000002
FDL02,OUT027,3379.76725
NCA17,OUT035,2332.1309499999998
FDE38,OUT019,398.54787999999996
NCG07,OUT049,3451.7402300000003
DRC27,OUT013,3646.4201500000004
FDA27,OUT035,3006.25345
FDW40,OUT045,2165.98056
DRI11,OUT013,1950.3279400000004
FDN50,OUT046,2247.6076400000006
FDR12,OUT046,2913.2411899999997
FDT34,OUT027,3310.1578600000003
FDW11,OUT035,1873.1950100000001
NCO30,OUT027,4421.278189999999
FDZ34,OUT017,2943.5350900000003
FDU45,OUT017,2196.97355
NCD42,OUT035,1554.2435199999998
FDX25,OUT045,2685.4377200000004
NCR29,OUT046,1578.6450899999998
FDX43,OUT019,372.41523
FDB04,OUT010,335.66306999999995
FDR49,OUT027,2770.1607700000004
FDS39,OUT018,1982.21976
FDW58,OUT045,2328.00299
FDG22,OUT019,205.63233
FDG31,OUT017,1762.47247
NCV53,OUT027,4399.87272
DRJ37,OUT035,2162.5184
FDV07,OUT035,2088.81434
FDW52,OUT018,1987.413
FDT15,OUT045,2814.40318
FDD02,OUT018,2061.28351
FDM16,OUT035,1707.24436
NCE55,OUT046,2857.3139899999996
FDB57,OUT018,2850.0900600000004
FDQ04,OUT013,2280.6313200000004
FDQ47,OUT019,209.49397
FDY14,OUT019,317.32028
DRK37,OUT017,2593.7570600000004
FDO25,OUT017,2922.42923
FDL57,OUT046,2532.4035900000003
NCK29,OUT018,1662.8687899999998
FDK46,OUT027,5738.630069999999
NCB43,OUT010,360.06464
DRE01,OUT027,3776.3510200000005
FDC46,OUT018,2424.31096
FDQ23,OUT045,2067.2424200000005
FDX38,OUT049,2158.29057
FDG60,OUT018,1681.94396
FDW55,OUT017,4049.029409999999
FDP39,OUT013,1658.00845
FDB20,OUT018,1133.4579200000003
FDV21,OUT017,1774.5900299999998
FDZ02,OUT013,2573.6499000000003
FDP19,OUT027,3655.308580000001
FDA38,OUT035,3068.97181
FDH22,OUT045,2120.7061599999997
DRM11,OUT045,2861.4419500000004
FDO12,OUT027,2997.4648899999997
FDT14,OUT049,2222.4404
FDW34,OUT010,398.1484
FDG04,OUT027,4000.8587799999996
FDW59,OUT018,1696.4251099999997
FDR33,OUT018,2067.50874
FDP32,OUT013,2005.08999
FDL13,OUT027,5682.569710000001
FDD22,OUT013,2636.8676100000002
FDV40,OUT027,1933.84939
NCD55,OUT046,1550.78136
FDQ20,OUT010,353.34005999999994
FDD28,OUT045,1062.0175799999997
FDC39,OUT045,3566.65731
NCR17,OUT049,1944.3024500000004
DRO35,OUT018,2132.65727
FDF40,OUT049,2282.7618800000005
FDR31,OUT018,1743.63033
NCQ41,OUT017,2820.8281500000003
FDP38,OUT046,1569.4903399999998
NCU54,OUT027,5561.061209999999
FDG22,OUT018,1385.46322
DRK59,OUT013,2901.3899499999998
FDC37,OUT046,2350.70677
NCO42,OUT013,2176.93297
NCT42,OUT017,2594.7890500000003
FDX27,OUT035,3006.2534500000006
FDV40,OUT018,1358.9310899999998
FDT45,OUT027,1686.1717900000003
FDS47,OUT019,336.96137999999996
FDR45,OUT035,3760.3385299999995
FDB03,OUT045,3268.3789099999995
FDO49,OUT035,1710.2071700000001
FDU60,OUT027,4186.5504
FDB26,OUT018,1517.09188
FDB46,OUT017,3573.1821499999996
FDQ37,OUT019,456.63892999999996
FDN03,OUT017,3017.93824
NCX30,OUT045,3341.4837499999994
FDK32,OUT019,372.58168
DRM47,OUT013,2710.30535
NCO02,OUT046,1644.7923199999998
FDP04,OUT013,2146.1064300000007
NCO43,OUT049,2418.55179
FDD59,OUT013,1665.29896
FDQ10,OUT017,3090.8433400000004
FDW45,OUT035,2764.86766
NCK30,OUT049,4076.7932700000006
FDU31,OUT018,2447.8137
NCQ17,OUT019,340.25708999999995
FDN01,OUT017,2426.20849
FDZ19,OUT049,2452.97365
DRG37,OUT017,2565.26082
FDE32,OUT045,1252.76928
FDO34,OUT049,2270.9772199999998
FDM04,OUT019,297.47943999999995
FDZ25,OUT049,2515.7252999999996
FDU08,OUT049,1986.0813999999998
NCW30,OUT045,4004.9867399999994
NCM18,OUT013,1493.9553300000002
FDS22,OUT035,1801.78796
NCH18,OUT017,4152.16183
FDC23,OUT013,2569.95471
FDY46,OUT013,3313.1206700000002
NCU06,OUT046,3021.2006600000004
FDX57,OUT045,1866.33727
FDX36,OUT027,4382.2956
FDL16,OUT045,1096.40615
FDT16,OUT010,416.25816
FDN16,OUT018,1403.6062700000002
FDC03,OUT046,3478.7717099999995
DRF60,OUT013,3639.22951
FDS27,OUT027,4591.22364
FDP33,OUT010,468.92294000000004
FDJ36,OUT018,1414.92487
NCR42,OUT013,1402.24138
FDV14,OUT017,1535.5678299999997
NCP42,OUT035,3212.6847400000006
FDB50,OUT027,2770.1607700000004
NCC30,OUT027,4421.278189999999
FDA23,OUT018,1873.62778
FDW16,OUT017,1749.6225299999999
FDQ52,OUT010,378.6737500000001
FDB58,OUT049,2379.2030099999997
NCP29,OUT049,1949.4956900000002
NCM05,OUT045,3150.1661200000003
FDO25,OUT013,3223.03793
NCM54,OUT046,1668.1286100000002
NCL54,OUT046,2423.7117399999997
FDL39,OUT010,434.26805
FDF53,OUT018,1559.0039899999997
NCQ42,OUT035,2355.3007900000002
FDF58,OUT013,2137.85051
FDZ04,OUT035,1850.1583300000002
FDE26,OUT019,336.89480000000003
FDS60,OUT017,2264.7519900000007
FDV58,OUT017,2815.668199999999
FDM04,OUT045,1101.4995200000003
FDE08,OUT035,2470.8170900000005
NCB43,OUT049,3242.7789
FDU11,OUT010,395.38532999999995
FDF22,OUT019,391.75672
FDE24,OUT013,1914.40803
DRJ49,OUT046,1554.77616
NCQ53,OUT035,2962.97645
NCL41,OUT013,1660.1057200000002
FDR22,OUT013,2184.4232199999997
FDH04,OUT035,2053.49365
DRH15,OUT045,1359.96308
FDY40,OUT049,1622.9873699999998
NCI17,OUT035,2061.0504800000003
NCC18,OUT013,2583.00439
FDY28,OUT027,4658.536020000001
FDB45,OUT027,3142.30968
NCL30,OUT018,1445.61825
FDM10,OUT017,3510.9964300000006
FDH22,OUT027,3551.9764200000004
NCZ53,OUT017,3050.1629600000006
NCI18,OUT013,2985.6469399999996
FDH14,OUT027,3776.18457
FDR36,OUT027,3721.3892299999998
FDW01,OUT045,2853.2859
FDK02,OUT027,3293.9456300000006
FDJ02,OUT018,1973.7308099999996
FDU55,OUT013,3613.06357
NCV18,OUT027,2301.70389
FDH14,OUT018,1842.70137
FDZ37,OUT045,1749.6225299999999
FDX49,OUT049,2577.01219
NCD43,OUT046,1875.0925399999996
FDZ07,OUT013,1724.58845
FDK43,OUT035,1924.4616099999998
FDR32,OUT018,2274.8055699999995
FDT39,OUT013,2328.0695699999997
NCV54,OUT017,2304.10077
FDF38,OUT018,1566.3277899999998
FDV60,OUT046,2954.52079
FDH44,OUT027,4206.49111
FDS21,OUT046,1670.65865
NCL41,OUT045,937.6461400000001
FDM46,OUT017,1751.08729
FDU27,OUT045,1575.48254
NCJ54,OUT017,4016.5050800000004
DRG51,OUT018,2820.46196
NCA29,OUT019,311.06176000000005
FDR47,OUT045,2458.10031
NCL19,OUT027,3003.5236699999996
DRG01,OUT049,2183.8239999999996
FDG10,OUT046,1612.4677299999998
NCV05,OUT049,2363.0240700000004
NCH18,OUT019,362.42823000000004
FDV14,OUT018,2089.38027
DRJ23,OUT035,2422.9127799999997
DRJ11,OUT046,2783.3436100000004
FDZ03,OUT017,3428.96987
FDI27,OUT010,316.72105999999997
FDJ14,OUT018,1654.87919
FDU32,OUT017,1911.24548
FDD47,OUT027,4506.66704
DRF36,OUT035,2133.15662
FDM21,OUT046,2898.39385
FDV10,OUT018,1689.4675
FDH60,OUT018,2251.2029599999996
FDX47,OUT010,402.57597000000004
FDT19,OUT019,394.02043999999995
FDO11,OUT045,2319.3475900000003
FDH24,OUT027,2997.46489
FDL02,OUT018,1589.7306600000002
FDB02,OUT049,2652.28088
FDA43,OUT046,2775.18756
FDG52,OUT045,850.59279
DRC12,OUT013,2579.74197
FDY37,OUT018,1874.227
NCU18,OUT045,2686.73603
FDU09,OUT035,1757.7785800000001
DRJ25,OUT027,2158.29057
DRE12,OUT018,1586.8344299999999
DRL47,OUT017,2066.8762300000003
DRK01,OUT046,1542.62531
FDC22,OUT019,338.72575000000006
FDG44,OUT013,1423.9464600000001
FDW04,OUT035,2107.09055
FDK09,OUT049,2886.9753800000003
NCN43,OUT035,2057.02239
FDG04,OUT049,2871.99488
FDH32,OUT010,353.34005999999994
DRI47,OUT017,2559.86784
DRE15,OUT013,2089.7464600000003
FDY11,OUT035,1507.67081
FDO60,OUT049,1567.79255
FDQ20,OUT018,1091.5791000000002
FDO57,OUT027,3835.141159999999
FDT14,OUT019,327.67347
FDA57,OUT049,1986.1146900000003
DRN35,OUT017,1312.6912799999998
FDJ03,OUT046,2169.4760100000003
FDX28,OUT017,1576.24821
DRE25,OUT045,1443.55427
FDR09,OUT046,2701.2837600000003
FDB23,OUT035,3925.52351
FDO08,OUT045,2352.4711400000006
FDQ23,OUT049,1971.93315
FDW04,OUT013,1756.1140800000005
DRK13,OUT010,325.01027
NCL17,OUT027,3728.4800000000005
FDY21,OUT035,3160.2862800000003
FDJ38,OUT027,4000.8920700000003
FDA37,OUT019,321.71456
FDV43,OUT013,1196.4425999999999
FDL36,OUT046,2078.86063
FDD53,OUT045,1009.0199
FDZ19,OUT010,374.27947000000006
FDV21,OUT045,2146.43933
NCL54,OUT018,1945.0015399999997
DRI47,OUT027,3556.87005
DRG03,OUT049,2146.93868
FDG21,OUT013,2913.7738299999996
FDW03,OUT018,2142.64427
NCI55,OUT046,1515.12777
DRC36,OUT019,513.73128
FDH22,OUT017,2006.7211999999995
FDV20,OUT045,2582.5716199999997
NCU41,OUT027,4399.872720000001
FDN46,OUT027,2604.54302
FDK50,OUT045,2483.8667699999996
NCA05,OUT027,4327.1673599999995
DRH01,OUT018,1956.2202699999998
FDT08,OUT018,2198.5381800000005
FDM08,OUT018,2572.91752
FDZ07,OUT035,1763.2714300000002
FDS22,OUT017,1357.10014
FDV35,OUT027,4038.9758300000003
FDI28,OUT010,224.54104999999998
FDW58,OUT027,2656.67516
FDT52,OUT045,3404.66817
FDY34,OUT046,2172.5719799999997
FDR10,OUT046,2414.65686
FDK57,OUT017,1891.73754
FDR02,OUT027,3573.3818899999997
FDX49,OUT046,2223.67213
FDQ20,OUT046,1808.5791199999999
DRK23,OUT045,2923.36135
NCW06,OUT046,2696.0905199999997
FDR31,OUT017,2166.14701
NCE43,OUT013,2805.11527
DRO59,OUT027,3227.9648500000003
FDN09,OUT049,3210.9203700000003
FDR11,OUT046,3021.1007899999995
FDO57,OUT013,2678.87959
NCX18,OUT017,3269.1778700000004
FDB05,OUT018,2737.4366999999997
FDQ08,OUT018,1496.15247
NCG43,OUT035,2655.31027
FDJ56,OUT013,1767.1330700000003
FDA13,OUT010,216.31842
FDO56,OUT017,2059.91862
FDB37,OUT018,2315.6524
FDZ02,OUT018,2046.5027500000003
FDQ24,OUT046,2405.5021100000004
FDM16,OUT013,1682.21028
FDU35,OUT049,2350.5070299999998
FDT35,OUT035,2923.92728
NCX30,OUT049,3876.75366
FDG04,OUT017,2916.00426
FDI12,OUT035,1507.67081
FDE35,OUT035,1443.35453
NCP14,OUT027,2981.01963
NCY53,OUT045,1886.3445600000002
FDP49,OUT017,2160.3212599999997
FDQ04,OUT017,1416.6559499999998
FDM39,OUT035,2830.21593
FDO58,OUT019,382.60197000000005
FDC56,OUT017,1822.0948599999997
NCQ54,OUT046,2288.0217000000002
FDV10,OUT027,1805.9159200000001
NCK17,OUT046,1550.74807
NCF55,OUT027,1759.6428199999998
FDV33,OUT013,3216.97915
NCH29,OUT019,348.14682000000005
FDA37,OUT027,3555.93793
FDH46,OUT018,1835.5773100000001
FDS25,OUT035,2927.5226
FDH04,OUT027,3343.38128
FDX52,OUT046,2925.62507
NCD42,OUT017,986.0830899999999
FDW47,OUT017,2169.64246
FDL25,OUT027,2797.29212
NCJ06,OUT010,283.59751
FDY09,OUT013,3295.2772299999997
FDS40,OUT046,1416.88898
FDH41,OUT017,2944.8334000000004
FDG38,OUT035,2619.1906200000003
FDU03,OUT027,4662.131340000001
FDV20,OUT046,1907.1508099999999
DRB13,OUT045,2632.87281
NCQ30,OUT013,2146.2063
NCH06,OUT013,3413.95608
FDU50,OUT018,2046.50275
NCO42,OUT019,296.3808700000001
FDW09,OUT018,1438.72722
FDH04,OUT013,1737.6714200000001
FDC21,OUT045,1774.49016
FDL21,OUT049,1609.5715
FDM46,OUT010,381.23708000000005
FDT22,OUT019,361.59598
FDB28,OUT035,3068.97181
FDI12,OUT018,1852.75495
FDA28,OUT045,2508.1351799999998
FDF59,OUT013,2223.4391
FDM45,OUT027,3516.6890200000003
FDQ56,OUT017,1456.6705299999999
FDR46,OUT049,2251.2695400000002
FDT01,OUT013,2113.8817099999997
FDD16,OUT027,1923.5294900000001
NCU30,OUT010,410.66543999999993
FDM40,OUT010,381.33695
FDI56,OUT035,1892.4366299999995
NCS30,OUT013,2191.3475399999998
FDU08,OUT017,1402.27467
FDX51,OUT027,4591.223640000001
FDA43,OUT045,2280.76448
FDX59,OUT010,272.57851999999997
FDC37,OUT018,1567.9922900000001
FDP58,OUT013,3316.7825700000008
NCY42,OUT035,2987.0118300000004
FDF21,OUT018,2283.3610999999996
FDU10,OUT027,1875.2257000000002
DRL47,OUT018,2152.8642999999997
FDA58,OUT018,2542.9232300000003
FDJ22,OUT049,2663.23329
FDK50,OUT046,2448.11331
FDO38,OUT035,1735.5408600000003
DRF60,OUT035,2245.61024
NCZ42,OUT019,365.6906500000001
FDD35,OUT049,2170.4081300000003
FDL25,OUT045,2298.97411
FDJ16,OUT013,2280.63132
DRK59,OUT049,2432.5003000000006
FDI50,OUT046,2633.5719
NCB19,OUT045,1640.56449
DRI37,OUT035,1866.5703
FDA14,OUT027,3843.1640500000003
FDC08,OUT018,2907.4154399999998
FDS45,OUT046,1850.9572899999998
FDI21,OUT049,1445.71812
DRJ47,OUT035,2431.06883
DRE37,OUT027,3865.301900000001
FDT55,OUT018,2351.87192
NCG42,OUT027,2980.3871200000003
FDA31,OUT049,2282.5288500000006
NCW42,OUT046,2869.4648400000005
FDF50,OUT017,2325.0068899999997
FDK56,OUT049,2583.5370299999995
FDX10,OUT035,1788.3388000000002
NCK07,OUT027,3212.98435
FDZ49,OUT017,3368.7815499999997
FDR33,OUT013,2555.64001
FDO44,OUT018,1707.9101600000001
FDA20,OUT046,2818.43127
NCL30,OUT045,2133.15662
FDI05,OUT019,304.96969
FDQ12,OUT018,2021.8681500000002
FDH47,OUT017,2222.6068499999997
FDH34,OUT018,2423.6784500000003
FDF29,OUT046,2385.2617899999996
FDG40,OUT018,1233.6275300000002
NCE18,OUT017,4121.435159999999
FDP21,OUT010,386.4969000000001
FDY50,OUT013,2175.0021500000003
FDB36,OUT049,2259.15927
NCZ29,OUT049,2430.1034200000004
FDU20,OUT018,2216.0154300000004
FDO56,OUT013,2296.5106499999997
FDW31,OUT049,3644.65578
DRH59,OUT013,2074.2666099999997
NCB30,OUT017,3323.1409599999997
FDK43,OUT027,3751.0506200000004
FDW43,OUT045,4165.7441499999995
NCL19,OUT017,2108.1558300000006
FDJ27,OUT046,2233.45939
FDC45,OUT046,3028.5577499999995
FDY40,OUT035,1837.7744500000001
NCM41,OUT035,1970.1021999999998
NCK18,OUT019,296.38087
FDP37,OUT049,1940.6072600000002
FDA27,OUT027,3496.41541
NCX30,OUT035,3497.3142400000006
FDR09,OUT017,3784.24075
FDG08,OUT027,4670.05436
NCU30,OUT013,2561.9318199999993
FDB16,OUT017,1449.14699
FDM16,OUT017,1236.2241500000002
FDC48,OUT013,1944.90167
NCF18,OUT046,2756.31213
FDU46,OUT018,1319.8153399999999
FDH41,OUT018,2729.4803899999997
NCN42,OUT010,296.04797
FDU49,OUT046,2261.356410000001
FDB20,OUT027,1860.64468
FDG50,OUT019,280.93431
FDW20,OUT045,2328.0362799999994
NCO55,OUT049,2474.41241
FDX48,OUT046,2855.6827799999996
FDU48,OUT046,2350.70677
FDR48,OUT019,278.83704
FDK27,OUT013,2241.8151800000005
FDT35,OUT013,2477.47509
FDN12,OUT049,1737.93774
NCE31,OUT019,282.36578
FDL21,OUT017,1128.7973200000001
FDV56,OUT017,1847.29539
FDR16,OUT017,3287.9201399999997
NCP41,OUT049,1851.1570300000003
FDJ27,OUT013,2328.06957
FDA07,OUT017,2022.9001400000002
FDK55,OUT049,1653.48101
FDM33,OUT049,2710.2387700000004
FDY46,OUT046,2563.89593
FDD36,OUT046,2078.86063
FDB12,OUT027,4080.0224000000003
FDF28,OUT019,343.58609000000007
NCE07,OUT019,296.3808700000001
FDW50,OUT027,4418.282090000001
NCW18,OUT017,3310.6572100000003
NCJ17,OUT019,363.89298999999994
DRZ24,OUT010,341.72184999999996
FDS07,OUT035,2314.82015
NCW05,OUT010,403.27506000000005
FDZ22,OUT018,1642.4620200000002
FDK02,OUT046,2026.82836
FDZ45,OUT027,4266.279949999999
FDL25,OUT046,1470.15298
FDS08,OUT045,2129.0619500000003
NCZ42,OUT027,6035.610159999999
FDX57,OUT035,2374.50912
FDF21,OUT046,2928.68775
FDJ56,OUT018,1281.9313200000001
FDX10,OUT013,1863.3411700000001
DRG48,OUT035,2097.33658
DRN37,OUT046,1900.0933300000002
NCY41,OUT018,1142.97886
FDN28,OUT045,1194.9445500000002
FDE34,OUT045,2656.04265
FDR10,OUT045,2896.59619
FDC32,OUT017,1797.4269699999998
DRG13,OUT046,1667.1964899999998
FDP59,OUT049,2336.15904
NCT53,OUT010,450.24725
FDL57,OUT027,4072.79847
FDN32,OUT010,373.28077
FDK09,OUT018,2541.59163
FDA52,OUT010,333.49922
FDC57,OUT049,2876.6221900000005
FDI09,OUT035,3775.585350000001
NCB07,OUT046,2818.6643
FDP26,OUT035,2596.5867100000005
FDP40,OUT027,3343.38128
FDL15,OUT013,2536.5315500000006
FDV07,OUT046,2075.99769
FDS03,OUT017,1930.7201300000004
FDE50,OUT049,2514.26054
FDQ15,OUT017,1608.5728000000001
FDQ33,OUT010,405.50548999999995
FDT22,OUT013,2184.7561200000005
DRO35,OUT035,2197.0068399999996
FDJ41,OUT049,4048.5966399999998
FDQ27,OUT035,2687.4018300000002
FDC26,OUT017,1593.29269
NCF43,OUT027,3505.37042
NCR50,OUT035,2661.00286
FDE39,OUT018,2672.08843
FDN49,OUT027,1899.9934600000001
DRG11,OUT035,2260.19126
NCA18,OUT049,2247.37461
FDM36,OUT018,2207.2934499999997
FDW32,OUT017,1330.2018199999998
NCQ18,OUT010,296.48073999999997
FDX14,OUT027,3573.3818899999997
FDD46,OUT017,1780.3492
FDI34,OUT019,342.62068000000005
NCJ17,OUT035,2163.5836799999997
FDB52,OUT035,3020.63473
FDV55,OUT018,2038.3466999999996
FDC57,OUT046,2467.38822
FDB29,OUT046,2284.32651
NCO43,OUT035,1843.6334900000002
FDG44,OUT045,1096.93879
FDJ34,OUT045,1993.5383600000005
FDH40,OUT049,1666.06463
NCD07,OUT027,2803.95012
FDB41,OUT017,1128.1315200000001
FDH47,OUT018,1470.35272
DRK37,OUT035,2004.2244500000002
FDM25,OUT019,506.77367000000004
NCX06,OUT045,3019.8357700000006
NCS05,OUT017,2411.42773
FDS39,OUT045,2238.3530199999996
FDC47,OUT027,5627.30831
FDG20,OUT013,3095.33749
DRL23,OUT017,1919.8675900000003
FDY33,OUT013,2677.6145699999997
NCH18,OUT045,4046.6325300000003
FDX47,OUT035,2261.35641
NCB06,OUT045,2011.5149600000009
FDP36,OUT049,1998.0990900000002
FDW44,OUT018,1964.64264
NCU41,OUT018,2343.4495500000003
NCS17,OUT046,1784.2441299999998
FDD46,OUT035,2426.47481
FDE45,OUT017,2675.28427
FDI09,OUT017,3656.30728
NCJ54,OUT010,468.8230700000001
NCA29,OUT018,2305.8318499999996
NCN41,OUT027,3653.47763
FDY34,OUT035,2712.03643
NCG55,OUT035,2710.9711500000003
DRM49,OUT046,1355.63538
NCB42,OUT049,1818.4662500000002
FDE58,OUT045,2270.6776099999997
DRJ25,OUT013,2158.49031
FDS47,OUT010,276.07397000000003
FDY21,OUT049,2914.0068600000004
NCI54,OUT013,1727.4846799999996
FDO24,OUT017,1896.3648499999995
FDY43,OUT035,2739.6671300000003
FDF35,OUT018,1177.8334900000002
NCP29,OUT019,338.62588
FDN28,OUT027,3343.38128
FDJ50,OUT018,1877.62258
FDQ14,OUT027,4015.20677
FDC37,OUT035,1759.3432100000002
FDN08,OUT046,2594.15654
FDD04,OUT035,2261.28983
FDW34,OUT018,2593.22442
FDP04,OUT017,1064.2813
NCG07,OUT017,3294.0787900000005
NCN14,OUT018,2241.84847
FDJ16,OUT045,1160.28966
NCM42,OUT045,2188.5844700000002
NCF19,OUT046,1193.6462400000003
FDY21,OUT018,2033.6195200000002
FDY19,OUT035,2225.23676
FDV09,OUT045,2755.87936
FDA28,OUT013,2319.1478500000003
FDC38,OUT018,2061.28351
FDL28,OUT045,3381.06556
NCH43,OUT049,3536.66302
NCN53,OUT045,1625.8835999999997
NCW05,OUT017,1685.6724399999998
NCO30,OUT018,2697.2223799999997
FDT04,OUT019,240.38709
FDB27,OUT018,2808.57743
NCK07,OUT013,2744.92695
NCA53,OUT013,1680.5790700000002
FDB33,OUT018,2300.53874
FDU37,OUT017,1627.2817800000003
FDR13,OUT035,2619.1906200000003
FDE45,OUT049,2853.7519600000005
FDV37,OUT017,3043.83786
FDX44,OUT019,372.41522999999995
NCL06,OUT017,3839.9016300000003
FDJ28,OUT045,2907.6151800000002
FDX55,OUT049,3335.3251000000005
NCK17,OUT018,1250.40569
FDH52,OUT035,1584.40426
FDN13,OUT027,3411.2263000000007
FDK44,OUT018,2583.83664
FDU16,OUT046,2251.3694100000002
FDZ07,OUT017,1213.2207599999997
NCN06,OUT027,4570.78358
FDH02,OUT010,218.91504
NCW18,OUT045,3187.11802
FDH57,OUT013,2367.4849299999996
FDV35,OUT045,2404.00406
NCU29,OUT013,2013.8119700000002
NCP02,OUT046,1654.0469399999997
FDN44,OUT013,2349.9078099999997
FDX03,OUT018,1938.70973
FDR11,OUT010,432.77
FDA36,OUT046,2134.05545
FDP58,OUT027,5496.445320000001
FDH31,OUT045,1804.21813
FDH34,OUT035,2750.5196699999997
FDS13,OUT035,2531.0387000000005
FDT01,OUT018,2328.3691799999997
FDY09,OUT049,2514.46028
FDV33,OUT027,4142.108249999999
NCW29,OUT010,455.3073300000001
NCN17,OUT045,2181.8598899999993
FDX01,OUT046,2007.58674
FDL03,OUT049,2797.19225
DRL59,OUT049,2244.4118000000003
DRM11,OUT027,3929.08554
FDA43,OUT049,2751.11889
FDZ56,OUT010,393.25477
FDI44,OUT018,1209.89176
FDB50,OUT013,2594.8223399999997
FDU15,OUT019,418.32213999999993
NCJ19,OUT019,273.91012
FDD48,OUT013,1944.90167
NCW42,OUT035,3234.4231099999997
FDL24,OUT017,2708.2080800000003
NCB30,OUT013,3040.0095100000003
FDK25,OUT013,2346.81184
FDW28,OUT049,2545.05379
FDD47,OUT017,2310.45916
FDK16,OUT019,267.78476
FDW37,OUT046,2193.24507
FDA48,OUT035,1729.2490500000004
FDA14,OUT017,2093.40836
FDV15,OUT013,2371.2466999999997
FDN22,OUT049,3608.4362599999995
NCD55,OUT045,1040.41237
FDY43,OUT013,2504.60644
NCU05,OUT017,1537.7316799999999
FDF10,OUT035,2620.2558999999997
FDR39,OUT018,2124.46793
FDG40,OUT013,2146.1064300000003
FDZ28,OUT019,330.80273
FDE02,OUT045,1621.75564
FDU60,OUT049,2331.3319899999997
FDM21,OUT013,3497.780300000001
FDV52,OUT019,319.38426
NCW06,OUT013,2938.8744899999997
FDX36,OUT035,2002.46008
FDT35,OUT027,4557.634029999999
NCL19,OUT010,503.1450600000001
NCD31,OUT046,2368.21731
FDE53,OUT019,274.67578999999995
FDW58,OUT019,375.94397000000004
DRF48,OUT046,1824.7580599999997
FDW57,OUT035,2668.92588
DRH13,OUT017,2026.2624300000002
FDT33,OUT013,2546.81816
DRK47,OUT027,3973.5609799999997
FDY22,OUT010,361.42953
FDC35,OUT019,480.94063000000006
FDO03,OUT013,2328.06957
FDF24,OUT045,1231.19736
FDF56,OUT018,2826.58732
FDD28,OUT013,2280.63132
FDG53,OUT027,3180.59318
FDO27,OUT019,363.82641
NCF54,OUT018,2502.7422
FDC20,OUT027,1891.5378
FDU10,OUT046,1434.1332
DRA24,OUT018,2164.11632
FDA02,OUT010,356.63577
FDG10,OUT017,1472.1836700000003
FDW39,OUT010,474.34921
FDP04,OUT019,265.12155999999993
NCM55,OUT013,2511.29773
FDG47,OUT045,2943.53509
NCU41,OUT017,2591.75966
NCK31,OUT017,1880.8517100000001
FDZ46,OUT045,1569.6235000000001
FDU13,OUT027,3635.83393
NCF19,OUT045,1044.77336
NCJ43,OUT013,2845.7623599999997
NCJ05,OUT045,2058.15425
FDS04,OUT027,3724.052430000001
FDX28,OUT010,318.2524
FDB41,OUT027,3041.3743999999997
FDG53,OUT046,2317.84954
FDL15,OUT010,355.23759
FDQ08,OUT049,1461.1979699999997
DRN36,OUT013,2447.4142199999997
FDI46,OUT013,3348.00859
FDG16,OUT027,4236.68514
FDV32,OUT013,1423.9464600000003
FDF44,OUT010,364.42563
FDK04,OUT018,1718.49638
NCA41,OUT013,2433.4990000000003
FDD51,OUT017,1157.32685
NCZ53,OUT045,2789.76858
FDP01,OUT027,4087.2463300000004
FDY25,OUT049,2161.68615
FDB17,OUT018,2698.45411
NCV54,OUT018,1922.7971100000002
FDJ32,OUT017,1116.04725
FDA37,OUT049,2283.3943900000004
FDG35,OUT035,3263.5185700000006
NCM05,OUT018,2359.39546
FDG45,OUT046,2823.39148
FDH28,OUT013,1799.3910799999999
NCE18,OUT049,3435.36155
FDH38,OUT045,1993.20546
FDR56,OUT013,3644.5891999999994
FDH17,OUT027,3343.38128
FDD39,OUT049,2516.19136
FDB41,OUT049,1831.2828999999997
NCR53,OUT046,3384.8606199999995
FDX46,OUT017,1107.0922400000002
FDV28,OUT049,1622.98737
FDA08,OUT018,2273.7070000000003
FDH45,OUT017,1113.7502399999998
NCS38,OUT010,298.21182
FDD40,OUT010,402.50939
DRM59,OUT035,2429.9369699999997
NCJ43,OUT018,2426.40823
NCN29,OUT013,1627.68126
NCC19,OUT045,3164.51411
FDR56,OUT035,3195.0077499999998
FDZ43,OUT049,3666.36086
FDJ32,OUT010,353.34005999999994
DRH03,OUT017,1257.6961999999999
NCZ54,OUT035,3280.0969900000005
FDE26,OUT017,2254.8315699999994
FDS03,OUT045,1973.0317199999997
DRZ24,OUT019,302.67268
FDO48,OUT027,4841.29812
FDW39,OUT049,2506.80358
NCK05,OUT049,1526.3797900000002
NCK30,OUT017,3204.8948800000003
FDT27,OUT018,2462.4613
FDS08,OUT019,372.41523
NCJ19,OUT049,1841.96899
FDC58,OUT045,1216.68292
DRE37,OUT013,2638.76514
FDW02,OUT035,2785.30772
FDJ02,OUT010,254.26902
FDX09,OUT045,2650.31677
FDT31,OUT010,373.28077
FDI24,OUT049,2110.98548
FDY09,OUT045,3166.91099
FDV28,OUT045,889.0094500000001
DRM47,OUT049,2432.5003000000006
FDT52,OUT019,451.9783300000001
FDI48,OUT018,1825.4904400000003
FDY55,OUT017,3408.9958699999997
FDU48,OUT013,2302.8690400000005
FDN25,OUT045,2209.3574299999996
FDP20,OUT049,2219.57746
FDJ15,OUT013,2573.649900000001
FDD04,OUT018,2270.6776099999997
FDY58,OUT045,4208.08903
FDR37,OUT018,2295.41208
FDF44,OUT013,2709.8059999999996
FDD32,OUT045,1430.00524
FDR57,OUT017,2663.76593
DRG39,OUT027,3573.3818899999997
FDX15,OUT017,2355.80014
DRN37,OUT045,2597.7518600000003
FDW40,OUT027,3786.4711800000005
FDB32,OUT049,2123.20291
FDM40,OUT018,1860.3450699999999
FDE39,OUT027,3573.3818899999997
DRH49,OUT017,1440.8577800000003
FDT46,OUT049,1919.2017899999998
NCF06,OUT035,3522.64793
FDP07,OUT017,3135.75155
FDC04,OUT013,3459.6299600000007
FDZ32,OUT017,1958.71702
FDD50,OUT045,2403.57129
FDU56,OUT017,3167.1440199999997
FDV34,OUT017,1173.3393400000002
NCY41,OUT013,1560.06927
NCK18,OUT046,2297.0099999999998
DRH25,OUT049,2280.9642200000003
FDT57,OUT046,2572.8509400000003
FDV56,OUT018,1744.76219
FDV12,OUT045,1766.3673999999999
FDN52,OUT017,1266.21844
FDX38,OUT035,2785.30772
FDE47,OUT018,1535.0351899999998
NCO07,OUT013,3240.2488599999997
FDV09,OUT027,3493.7189200000003
FDZ23,OUT019,486.16715999999997
DRH51,OUT018,2107.35687
NCY54,OUT045,2259.6586199999992
DRG49,OUT013,2632.27359
NCC19,OUT049,2853.3191899999997
NCV53,OUT045,3163.5487000000003
FDZ47,OUT019,307.43315
NCO26,OUT018,2111.2850900000003
NCP02,OUT045,1264.6870999999999
NCW30,OUT018,2340.65319
NCN55,OUT046,2178.03154
FDB20,OUT010,353.34006
DRL11,OUT013,2698.0213400000002
DRD60,OUT045,2265.6508200000003
FDW14,OUT010,314.29089
FDL27,OUT010,269.04978000000006
FDU09,OUT018,1689.4675
DRH36,OUT027,2500.17887
FDP34,OUT027,3657.70546
FDE04,OUT017,3126.39706
FDZ57,OUT027,3165.24649
FDF02,OUT010,248.31011000000004
FDG28,OUT045,3404.66817
NCI31,OUT046,1552.07967
FDT43,OUT013,1436.0307300000002
FDU20,OUT046,1956.48659
FDD53,OUT013,2146.10643
FDW15,OUT045,2314.8201500000005
NCT53,OUT045,2519.6535200000003
NCG55,OUT027,2871.5288200000005
FDD48,OUT035,1707.31094
FDG47,OUT049,3762.9018599999995
FDI21,OUT017,1555.7415699999997
FDT27,OUT017,3108.1874299999995
DRO35,OUT013,1811.57522
FDD33,OUT017,3100.79705
FDC04,OUT035,3020.63473
FDY34,OUT013,2866.83493
DRJ49,OUT049,2430.90238
FDE05,OUT049,2208.99124
FDU31,OUT017,3808.57574
NCN19,OUT027,3688.5320000000006
FDK56,OUT027,4563.526360000001
FDK58,OUT017,1509.4684700000003
NCJ42,OUT035,2635.1032400000004
FDZ34,OUT027,5017.601960000001
FDA52,OUT018,2019.3714
NCR29,OUT013,1647.35565
FDT48,OUT035,1749.8222700000001
DRJ51,OUT019,317.32028
NCS54,OUT046,2381.5665999999997
FDV01,OUT035,2559.26862
DRG51,OUT027,4003.2556600000003
NCG42,OUT013,2016.4751700000002
FDA51,OUT049,2186.38733
FDV19,OUT010,375.71094
NCT18,OUT045,3505.0375200000003
NCS41,OUT045,2569.02259
FDO03,OUT046,2506.8701599999995
FDL12,OUT010,260.19464000000005
FDY37,OUT010,267.51844
FDI58,OUT049,1549.34989
FDT28,OUT018,1667.3629400000002
NCC42,OUT010,455.30733
FDO01,OUT017,2573.45016
FDJ02,OUT013,1728.1504800000002
FDQ04,OUT018,1482.0708
DRL47,OUT013,2469.75181
FDZ32,OUT035,1907.7167400000003
FDC35,OUT035,2511.76379
FDX14,OUT045,1238.8873499999997
FDZ35,OUT013,1700.91926
FDL14,OUT013,1829.4852400000004
FDO04,OUT049,1298.74277
DRK11,OUT017,2629.11104
FDB44,OUT018,2670.05774
FDZ50,OUT049,2198.97095
FDI12,OUT027,3998.1955799999996
FDU43,OUT017,4119.67079
FDD58,OUT010,369.81861
FDB27,OUT017,3063.31251
FDB04,OUT018,2064.71238
NCO17,OUT013,1884.2472899999998
FDL12,OUT017,1270.51285
DRJ13,OUT049,2732.9425499999993
FDD57,OUT045,2046.4028799999996
FDW19,OUT035,1891.63767
DRD27,OUT018,2259.55875
FDH27,OUT027,3843.1640500000003
NCW30,OUT027,6050.65724
FDR40,OUT018,1392.8536000000001
FDG05,OUT013,2316.018589999999
NCY41,OUT019,335.62978000000004
FDI38,OUT018,2328.3691799999992
FDR20,OUT046,1858.4142499999998
FDE09,OUT017,1529.54234
FDN50,OUT019,369.68545000000006
DRF27,OUT045,2469.9848399999996
DRF51,OUT013,1994.53706
NCO02,OUT019,284.49634
FDB51,OUT027,3573.3818900000006
FDJ50,OUT013,2438.39263
FDN52,OUT013,1562.4661499999997
FDX14,OUT013,2089.74646
FDT27,OUT019,488.63062
FDV10,OUT013,1863.3411699999997
FDU33,OUT046,1464.95974
FDU58,OUT046,2168.0445400000003
NCP42,OUT027,5074.294830000001
FDL51,OUT027,4654.00858
DRH15,OUT027,3573.3818899999997
FDU16,OUT017,1553.3114
FDW15,OUT017,2024.4314799999997
FDQ44,OUT045,2328.0362799999994
NCI06,OUT027,4631.338089999999
DRK23,OUT019,444.1551799999999
FDC28,OUT035,1971.13419
NCY17,OUT019,333.03316
NCV05,OUT018,1977.9919300000001
FDM34,OUT019,357.60118000000006
DRD60,OUT027,3865.301900000001
FDT38,OUT046,1820.2639099999997
FDQ57,OUT018,2285.99101
FDE59,OUT027,2315.51924
NCM43,OUT046,1933.3833300000001
DRI51,OUT049,2324.90702
NCG30,OUT017,2191.5139900000004
NCK54,OUT035,2653.94538
FDQ16,OUT019,288.02508
FDI36,OUT013,3032.0532000000003
FDX16,OUT027,3180.59318
FDA34,OUT046,3112.38197
FDJ48,OUT018,2064.2130300000003
FDU47,OUT035,2094.8731199999997
FDS39,OUT046,2088.91421
FDD11,OUT046,3457.39953
FDM16,OUT027,3076.6618000000003
FDU56,OUT018,2599.11675
FDQ32,OUT017,2306.8971300000003
DRK35,OUT013,1921.9315700000002
FDA58,OUT049,3412.3581600000007
DRG48,OUT019,342.08804
FDT59,OUT010,508.53804
FDQ31,OUT019,328.5722999999999
FDS51,OUT018,1378.13942
FDW32,OUT027,2936.7439299999996
FDI15,OUT027,4421.644380000001
NCV30,OUT017,1261.92403
DRG25,OUT049,2984.61495
FDT02,OUT013,2019.2715300000004
FDO33,OUT027,3134.8194300000005
FDP38,OUT035,1355.3024799999998
FDZ45,OUT035,3751.5832600000003
NCA54,OUT027,4591.09048
FDU33,OUT017,1365.9552800000004
FDN58,OUT017,4461.92528
FDI05,OUT045,1218.8467699999999
FDM57,OUT019,275.17513999999994
NCS42,OUT027,2336.65839
FDB57,OUT045,4165.7441499999995
FDC03,OUT045,3371.4114600000003
FDZ58,OUT013,2504.27354
NCK29,OUT045,2227.0011299999996
NCR53,OUT045,2559.9344200000005
FDE26,OUT027,3711.1359099999995
FDU52,OUT049,2265.15147
FDE41,OUT027,3076.6618000000003
FDU38,OUT018,3044.76998
FDA52,OUT017,2885.2443
FDW46,OUT046,1358.43174
DRI59,OUT035,2685.53759
FDT38,OUT035,2227.03442
FDL33,OUT018,2548.08318
FDQ01,OUT027,4000.8920700000003
FDJ08,OUT046,2825.7550699999997
FDQ47,OUT049,1602.04796
NCZ18,OUT013,3612.7972500000005
FDE29,OUT017,1121.8397099999997
FDF10,OUT027,3461.39433
FDC48,OUT049,1757.8118700000002
FDY58,OUT013,3306.29622
NCX30,OUT010,432.63684
FDV11,OUT013,2462.36143
FDT46,OUT046,1958.9167599999996
DRD01,OUT019,134.45831
FDQ11,OUT013,3052.9260299999996
NCM41,OUT017,1710.6399399999998
NCC55,OUT013,1314.0561699999998
FDG45,OUT027,4957.91299
NCQ54,OUT049,3378.96829
FDM34,OUT045,2586.26681
FDD17,OUT019,346.51561
FDN38,OUT027,4000.892070000001
FDB53,OUT018,1819.4982400000001
NCL06,OUT035,3376.9376
NCV18,OUT019,236.99151
FDX25,OUT013,2823.35819
FDB39,OUT046,1772.0932799999998
FDC33,OUT049,3720.6568500000003
NCO14,OUT018,1723.1236899999997
FDA58,OUT027,5674.5468200000005
NCQ02,OUT017,3293.8790500000005
NCR53,OUT017,3293.44628
FDN52,OUT046,1800.3232
FDG26,OUT046,2400.24229
FDE23,OUT027,1789.2043399999998
DRI37,OUT013,2189.7496199999996
DRH37,OUT018,1930.2207799999996
FDO01,OUT035,2461.69563
FDK45,OUT049,1934.28216
FDP23,OUT049,3546.94963
FDM33,OUT035,3844.86184
FDD36,OUT017,1804.9838
FDL56,OUT017,1455.47209
FDT27,OUT010,558.6394899999999
FDG52,OUT017,848.9282900000001
NCL42,OUT035,3179.22829
DRJ24,OUT046,2506.13778
FDV38,OUT046,1686.3382400000003
FDT35,OUT045,2305.09947
FDY51,OUT045,2697.28896
FDC37,OUT017,1557.7056799999998
NCP43,OUT013,2578.6434000000004
FDO33,OUT045,1977.15968
FDW04,OUT018,1726.7523000000006
NCC31,OUT046,2071.1373499999995
FDK22,OUT049,3233.7906000000003
FDJ50,OUT017,1336.6933699999997
FDV13,OUT017,2091.51083
DRL60,OUT017,2260.3577099999998
FDW03,OUT017,2157.92438
FDY27,OUT035,3068.97181
FDB39,OUT027,3573.3818899999997
FDU59,OUT045,2239.0854
FDZ57,OUT049,2119.44114
FDO21,OUT049,3746.7895
FDS43,OUT018,2459.93126
FDU28,OUT010,280.56812
FDC51,OUT010,357.50131
FDW16,OUT010,266.25342
FDP32,OUT010,374.27947000000006
FDB60,OUT019,274.70908
NCQ30,OUT046,1810.87613
FDD26,OUT049,2738.4354
FDI44,OUT045,1489.19486
DRH23,OUT046,1914.5078999999998
FDO44,OUT046,1996.83407
FDG04,OUT046,2922.22949
FDM32,OUT027,2243.57955
FDM09,OUT013,2848.4255599999997
FDZ47,OUT013,1979.8561699999998
FDM40,OUT027,3427.7048500000005
FDY48,OUT017,1606.1426299999998
NCM30,OUT045,986.4159900000002
FDX36,OUT010,398.08182
DRF03,OUT017,1228.83377
FDN51,OUT049,2761.10589
FDM57,OUT049,1345.4486399999996
FDB35,OUT049,1986.4143
FDY13,OUT027,3209.72193
FDA37,OUT017,2446.0493300000003
NCX53,OUT017,1932.98385
FDD59,OUT018,1416.22318
FDX10,OUT019,272.37878
FDC03,OUT018,2113.7485500000003
FDW43,OUT035,3140.0792500000002
FDW10,OUT046,2604.34328
FDY14,OUT027,4476.27327
FDV43,OUT045,1104.7952300000002
FDO40,OUT013,2146.1064300000003
FDP46,OUT027,2826.8536400000003
NCE43,OUT019,336.66177000000005
FDD05,OUT035,2143.40994
FDJ60,OUT010,295.24901
DRE27,OUT018,1325.9407
FDO11,OUT035,3407.0983399999996
DRG11,OUT027,3333.56073
FDK33,OUT010,454.34192
DRM23,OUT045,2501.61034
FDJ02,OUT027,3776.1845700000003
NCZ05,OUT045,2131.85831
NCL30,OUT013,2080.3919699999997
FDZ19,OUT018,2578.54353
FDM45,OUT049,1786.30811
FDO36,OUT046,2405.5021100000004
NCK31,OUT045,1807.1143600000003
DRJ37,OUT045,2072.5022400000007
FDP24,OUT018,1656.8100099999997
FDF46,OUT013,1871.5638
FDX46,OUT019,275.17513999999994
NCL18,OUT045,2875.8232300000004
FDJ26,OUT013,1950.3945200000003
FDJ07,OUT045,2238.3530199999996
FDY15,OUT013,2573.6499
DRG01,OUT045,1216.18357
FDF58,OUT045,1255.9984099999997
FDZ14,OUT019,352.40794
FDP31,OUT049,1910.8127100000002
FDH45,OUT013,1724.58845
FDA09,OUT010,380.67114999999995
FDW31,OUT035,3125.2652000000003
FDA57,OUT046,2024.0320000000004
NCE55,OUT035,3314.7185900000004
FDC17,OUT019,341.52211
FDC59,OUT013,1562.00009
FDA22,OUT013,2506.5039699999998
FDK52,OUT035,2828.6180100000006
NCM26,OUT046,1861.41035
NCT53,OUT035,2466.5892599999997
FDW45,OUT018,2250.60374
NCI18,OUT035,3259.72351
FDE38,OUT018,1947.2652600000001
FDF08,OUT019,328.5723
FDY58,OUT010,429.20797000000005
FDF58,OUT019,344.5515
FDX39,OUT017,2996.79909
FDB44,OUT049,2651.2156
FDF28,OUT013,2248.97253
FDE39,OUT013,2441.12241
FDT37,OUT018,2361.29299
FDZ45,OUT017,3802.0176100000003
FDO40,OUT035,2368.1174400000004
FDM57,OUT027,2571.38618
DRG36,OUT017,2528.2756299999996
FDY36,OUT010,255.03468999999996
DRL60,OUT027,4278.996730000001
FDS25,OUT019,342.62068
DRF49,OUT027,2722.5227800000002
FDP16,OUT045,4176.99617
FDS60,OUT049,1755.4815700000004
FDU15,OUT027,3439.38964
FDK43,OUT046,1859.4795299999998
FDN25,OUT046,1059.9535999999998
FDE53,OUT049,1415.3576400000002
FDB22,OUT013,2709.2400700000003
FDE39,OUT017,2180.66145
FDX35,OUT035,3352.50274
NCG54,OUT049,3119.97209
FDH27,OUT035,2830.21593
NCK42,OUT013,2759.8741600000003
FDS25,OUT049,2030.2239400000003
FDI10,OUT018,2364.7884400000003
FDU35,OUT035,2296.71039
FDI04,OUT017,2605.8746199999996
DRK23,OUT035,2671.95527
FDB53,OUT019,265.88723000000005
FDY02,OUT049,2432.9663600000003
FDM60,OUT035,1507.67081
NCJ31,OUT010,782.7477700000001
DRP35,OUT017,1949.96175
NCQ30,OUT018,2111.2850900000003
DRL11,OUT010,304.13743999999997
FDU01,OUT013,1720.95984
FDR39,OUT035,2711.83669
FDO08,OUT046,2678.08063
FDC02,OUT045,3835.17445
NCZ29,OUT035,2344.2485100000004
FDF29,OUT010,283.19803
FDZ23,OUT017,2797.0258000000003
NCU53,OUT018,2034.05229
NCW30,OUT013,3146.8038300000003
NCM26,OUT027,2912.6086800000003
FDV50,OUT027,3573.3818900000006
FDW15,OUT049,2656.2090999999996
FDI35,OUT027,4953.818319999999
FDO11,OUT017,2294.6464100000003
FDN48,OUT046,2078.8606299999997
NCA17,OUT049,2227.86667
NCN54,OUT013,1643.8269100000002
FDP22,OUT013,1893.46862
NCB54,OUT035,2268.5803400000004
FDD08,OUT045,901.5930699999999
DRM48,OUT010,303.63809000000003
FDG41,OUT027,3169.90709
FDE44,OUT027,2601.51363
FDE26,OUT035,1611.5356100000004
NCS38,OUT013,1960.1817800000003
NCJ54,OUT018,2717.66244
FDI40,OUT019,330.70286
FDN45,OUT018,2474.91176
FDU43,OUT046,2766.66532
FDI04,OUT010,313.8914099999999
NCC07,OUT018,1180.62985
NCC07,OUT019,285.82794
NCD18,OUT045,3150.69876
FDU55,OUT035,2753.8486700000003
FDX59,OUT035,1820.9297100000003
FDR52,OUT049,2623.85122
NCP17,OUT013,1745.6943100000003
FDQ32,OUT045,2209.85678
NCT17,OUT049,2381.86621
FDO10,OUT049,1593.6588800000002
FDE32,OUT049,1927.2579700000001
FDN44,OUT045,2607.3726699999997
FDH02,OUT035,1810.80955
FDK60,OUT013,1979.8561700000002
FDS24,OUT019,330.9026
FDL03,OUT010,462.99732000000006
FDB46,OUT027,4072.7984700000006
FDO48,OUT049,2347.37777
FDZ39,OUT049,2305.16605
FDT02,OUT027,1856.3835599999998
FDC50,OUT013,2624.15083
FDP39,OUT035,1697.4903899999997
DRG15,OUT018,2120.0070700000006
FDP10,OUT018,1803.1861400000003
FDF53,OUT027,4637.2970000000005
FDN34,OUT045,3379.3011899999997
FDK02,OUT045,1591.3618700000002
FDC23,OUT045,2691.39663
FDJ10,OUT019,305.46904000000006
FDE53,OUT035,1930.8532900000002
FDR25,OUT035,3018.6040399999997
FDW50,OUT046,2378.73695
FDS09,OUT049,1445.61825
FDW49,OUT010,306.26800000000003
FDU51,OUT046,2450.21058
FDF28,OUT018,1570.1228500000002
NCY30,OUT018,2673.68635
FDD44,OUT045,4388.45425
FDX09,OUT017,2729.1807799999997
NCF30,OUT013,1961.6798300000003
FDZ50,OUT019,414.56037000000003
FDW37,OUT013,2585.90062
FDD11,OUT049,3687.89949
DRH39,OUT018,2107.3568700000005
FDA36,OUT049,1743.1309800000004
NCG43,OUT049,2339.9208100000005
FDF02,OUT035,1751.08729
FDP57,OUT027,2619.05746
NCE42,OUT017,3014.14318
NCR38,OUT027,5669.25371
FDP03,OUT019,350.44382999999993
FDO51,OUT035,2584.56902
NCQ42,OUT046,1659.8394
NCM41,OUT046,1676.45111
FDH48,OUT027,2570.02129
DRF60,OUT046,1867.2028099999995
FDJ27,OUT035,2585.23482
FDQ14,OUT013,2693.3274499999998
FDN27,OUT017,2211.8208900000004
NCQ02,OUT046,2584.66889
FDJ33,OUT049,1955.7542099999998
FDP07,OUT027,4713.03175
DRE01,OUT049,3128.62749
FDU36,OUT045,1636.4698199999998
FDL28,OUT017,3497.5139799999997
NCX53,OUT046,2516.52426
FDZ39,OUT013,2328.06957
NCP42,OUT013,2759.87416
FDJ14,OUT035,2544.0883800000006
FDK04,OUT049,1415.3576400000002
NCC19,OUT017,2275.2716299999997
FDS09,OUT018,1689.4675
FDZ02,OUT046,2312.1236599999997
FDD35,OUT018,1859.6459799999998
NCY42,OUT017,2459.96455
FDB05,OUT045,2976.5587699999996
FDF20,OUT035,2845.4960400000004
NCO41,OUT018,1328.1711300000002
FDC40,OUT027,3496.41541
FDV58,OUT045,2519.08759
FDZ57,OUT045,1969.1700800000003
DRM35,OUT046,2435.52969
DRN36,OUT018,1342.8853100000001
FDQ13,OUT046,1966.3071399999997
DRO35,OUT010,247.71089
NCD43,OUT035,2475.51098
FDA51,OUT018,2064.71238
NCX17,OUT027,4542.85327
NCZ17,OUT049,1452.54257
FDR11,OUT027,4389.6194000000005
FDW34,OUT049,3311.2231400000005
FDN50,OUT017,2091.51083
FDS09,OUT046,1359.09754
FDS48,OUT018,1749.25634
FDL44,OUT049,2735.5724600000003
DRF48,OUT018,1981.65383
FDA14,OUT018,2529.94013
NCD30,OUT049,2161.05364
FDI16,OUT017,1082.09145
NCG06,OUT035,3486.7613099999994
DRZ24,OUT035,2096.33788
NCS17,OUT045,1657.04304
FDB37,OUT045,2918.10153
FDE10,OUT035,2159.8552000000004
FDC57,OUT045,3759.2066699999996
FDM12,OUT018,2251.20296
FDE24,OUT049,2072.53553
FDW22,OUT045,3848.856640000001
DRD01,OUT027,2153.56339
NCZ18,OUT027,5937.471240000001
FDN49,OUT045,2150.1345200000005
FDR22,OUT035,2134.52151
FDV08,OUT019,372.41522999999995
FDY39,OUT046,2715.4653
FDV36,OUT049,1951.3599299999998
FDO60,OUT045,1403.3399499999998
FDU04,OUT027,2274.93873
FDR20,OUT027,2899.3592599999997
FDW19,OUT019,328.5722999999999
FDU40,OUT049,2214.71712
FDK15,OUT045,2169.07653
DRF15,OUT035,2549.9474199999995
FDQ25,OUT017,2825.68849
FDI48,OUT019,235.36030000000005
FDS49,OUT046,1966.3071400000003
FDV22,OUT046,1911.3453499999996
NCV42,OUT046,1829.05247
FDX26,OUT046,2223.20607
FDI33,OUT018,1675.65215
FDZ14,OUT049,2258.5267599999997
FDG10,OUT013,1674.6534499999998
FDM38,OUT018,1752.8516599999998
FDG26,OUT027,4482.332049999999
FDH46,OUT035,1856.2504000000001
FDN13,OUT018,1550.44846
FDU57,OUT035,2343.48284
NCI06,OUT046,2683.4403199999992
FDM38,OUT045,1712.27115
NCG42,OUT010,296.04796999999996
FDL39,OUT045,2836.57432
FDT31,OUT019,372.41523000000007
FDV59,OUT013,2969.4014199999997
FDB49,OUT035,1507.67081
FDD58,OUT049,1747.2922300000002
DRN59,OUT046,1784.97651
FDX48,OUT049,2331.3319899999997
FDQ11,OUT049,3949.492309999999
FDY12,OUT049,1998.0990900000002
FDQ11,OUT045,2307.59622
DRI11,OUT017,2140.34726
FDY32,OUT027,4157.12204
FDS51,OUT045,1208.3604200000002
FDR19,OUT010,299.97619000000003
DRB13,OUT018,2873.39306
FDS21,OUT035,1885.4790200000002
FDQ40,OUT045,2777.95063
NCE55,OUT013,2894.43234
FDX43,OUT027,4467.984060000001
FDS12,OUT049,1802.1541499999998
DRK01,OUT027,2362.9242000000004
FDN25,OUT017,2160.32126
FDB60,OUT046,3312.7544800000005
FDQ13,OUT017,1411.5625799999998
DRK13,OUT045,2742.8962600000004
DRF25,OUT018,1489.2614399999998
NCD42,OUT019,334.99726999999996
FDW25,OUT045,1783.7114900000001
NCV29,OUT027,4399.8727199999985
NCK42,OUT035,3344.77946
DRJ13,OUT027,3865.3019
DRD15,OUT017,3180.75963
FDM27,OUT045,2364.2890899999998
FDZ50,OUT018,2275.8708500000002
FDC04,OUT046,2526.41139
FDF50,OUT049,2137.48432
FDP15,OUT045,2648.51911
FDK46,OUT035,3477.1072099999997
FDZ56,OUT018,2545.5864300000003
FDY60,OUT049,2296.2776200000003
FDB10,OUT035,3740.16479
FDR57,OUT045,2649.5510999999997
FDU58,OUT049,2740.39951
FDH02,OUT046,2298.14186
FDP48,OUT013,2067.0759700000003
FDI46,OUT035,3591.82455
FDW56,OUT013,2892.5015200000003
NCM19,OUT010,292.88542
FDS50,OUT027,4476.27327
FDK24,OUT013,1905.8857899999996
FDO36,OUT017,2271.5764400000003
FDK45,OUT027,2832.01359
NCL05,OUT045,1290.71988
FDL32,OUT018,2127.13113
FDA28,OUT049,1950.1281999999997
FDY36,OUT018,1587.0008799999998
FDP32,OUT018,1551.7800600000003
FDL50,OUT046,2247.60764
DRC24,OUT049,2582.8379400000003
NCS18,OUT017,2086.2843000000003
FDD16,OUT017,1573.68488
NCV18,OUT013,1974.2967400000002
FDX07,OUT046,2618.39166
NCZ05,OUT027,3193.0769299999997
NCI31,OUT013,1684.40742
FDK14,OUT049,1728.0506099999998
NCR06,OUT045,1071.2056200000002
NCF54,OUT049,3168.47562
DRG23,OUT010,336.36216
FDD53,OUT046,1457.96884
NCM31,OUT027,2862.57381
FDT16,OUT017,3496.08251
FDR40,OUT035,1707.24436
DRG25,OUT017,2283.29452
FDT10,OUT035,1801.7879600000003
FDY32,OUT013,2446.2157799999995
FDN50,OUT035,1820.0974600000002
FDZ35,OUT019,279.56942
NCP54,OUT045,2259.3923000000004
NCD07,OUT035,2583.6369
FDS02,OUT018,2222.74001
DRN59,OUT018,1896.49801
DRB24,OUT013,2794.6954999999994
FDP37,OUT027,3600.18034
DRB01,OUT018,2160.5875800000003
FDR47,OUT046,2685.5043
NCM31,OUT010,359.83161000000007
NCF06,OUT027,6050.657239999999
NCV17,OUT027,3839.235829999999
FDS10,OUT049,2294.47996
FDN52,OUT035,1584.40426
FDZ48,OUT013,2130.8929
FDJ48,OUT049,2144.17561
DRB13,OUT027,5091.106279999999
FDV59,OUT017,2633.17242
FDL32,OUT035,1953.55707
FDZ12,OUT035,1843.8998100000003
NCR06,OUT027,2225.8026900000004
FDP51,OUT017,1749.5559500000004
FDY22,OUT013,2735.2728500000003
FDZ38,OUT049,2324.90702
NCO54,OUT035,2455.6701400000006
FDR23,OUT035,2565.69359
FDM38,OUT049,2003.7583900000002
FDS25,OUT013,1832.7809500000003
FDZ22,OUT013,2406.83371
FDZ20,OUT019,372.41523
FDD45,OUT010,374.27947
FDN03,OUT049,2589.72897
NCW30,OUT046,2847.46015
FDY24,OUT027,3769.3934099999997
FDJ26,OUT019,487.3656
FDM15,OUT049,2398.2448900000004
NCW54,OUT027,1769.62982
FDA23,OUT045,1453.97404
FDA39,OUT019,211.15847
FDZ12,OUT017,2154.5288
NCB42,OUT046,2350.6734800000004
FDL16,OUT046,1527.3452000000002
FDO24,OUT019,319.58399999999995
NCP42,OUT046,2655.2436900000002
FDR19,OUT018,2392.4857199999997
DRL01,OUT045,2518.25534
FDV37,OUT046,2768.8624600000003
FDI41,OUT010,301.90701
FDF58,OUT049,1840.77055
NCF43,OUT018,2302.3364
FDN02,OUT049,2472.1486899999995
NCP41,OUT035,1894.0678400000002
NCY17,OUT027,2476.60955
FDL58,OUT027,4072.79847
NCA30,OUT027,4875.02089
FDE46,OUT018,2150.40084
FDY38,OUT035,3692.3270600000005
NCH29,OUT027,2896.5629000000004
FDO20,OUT045,4011.678029999999
FDP44,OUT018,1709.50808
FDM02,OUT027,3306.7955699999998
FDJ14,OUT027,3306.7955699999998
FDH04,OUT010,280.26851
DRK23,OUT046,2890.33767
NCW05,OUT046,1900.3929400000002
FDF12,OUT049,1717.5642599999999
FDL51,OUT019,462.79758000000004
FDN03,OUT018,2626.21481
DRJ37,OUT049,2764.5680500000003
FDM12,OUT019,480.67431
FDA16,OUT045,3083.02019
NCB07,OUT017,3281.5617499999994
NCI17,OUT019,363.89298999999994
FDR51,OUT046,2364.4888300000002
FDJ55,OUT045,3087.14815
NCZ17,OUT013,1574.75016
FDU25,OUT013,2379.03656
NCG18,OUT045,1785.8087600000003
DRM11,OUT017,2920.46512
FDH16,OUT035,1930.8532900000002
FDZ04,OUT018,1336.3937600000002
NCX53,OUT035,2332.1309499999998
FDX38,OUT027,3496.41541
FDX09,OUT046,2579.1094600000006
NCW05,OUT018,1764.3700000000001
NCS41,OUT017,2808.91033
FDI26,OUT046,2007.58674
NCZ41,OUT027,3799.4542799999995
NCK06,OUT046,1949.0296300000002
FDX23,OUT027,2570.0212899999997
NCA42,OUT046,2101.8307299999997
FDC20,OUT049,1536.0005999999998
DRC49,OUT018,1891.0384500000005
FDX01,OUT013,2589.0298799999996
FDC08,OUT045,4132.22112
FDC02,OUT017,4004.0213300000005
FDK10,OUT045,2922.5956799999994
DRC24,OUT013,2515.8251699999996
FDW16,OUT019,369.28597
NCU06,OUT018,3232.15939
DRA59,OUT045,2115.1467300000004
FDR24,OUT019,353.20689999999996
DRL35,OUT018,1885.1461200000006
FDA49,OUT013,2592.5586200000002
NCC55,OUT046,1206.1965700000003
DRD24,OUT019,310.22951
NCE55,OUT049,2927.15641
FDT33,OUT045,2835.47575
NCT53,OUT013,2054.09287
FDS26,OUT046,2223.20607
FDL22,OUT018,1675.65215
FDP44,OUT017,1439.6593400000002
FDC52,OUT018,2197.8390899999995
FDI53,OUT010,335.6297799999999
FDZ23,OUT046,2855.6827799999996
NCT18,OUT013,2909.51271
FDR13,OUT046,2298.14186
FDB09,OUT010,357.53459999999995
FDZ60,OUT013,2302.8690400000005
FDB11,OUT046,3377.1040499999995
FDC10,OUT018,1808.6124100000002
FDW56,OUT035,2417.41993
FDK14,OUT027,3287.15447
DRE27,OUT027,3573.3818900000006
FDA38,OUT017,3064.9770099999996
FDT11,OUT045,2307.5962200000004
FDP15,OUT035,2758.24295
FDV27,OUT035,2659.8377100000007
FDS36,OUT027,4000.85878
FDY40,OUT027,3041.3743999999997
NCF19,OUT049,1462.9956300000001
FDF53,OUT045,2935.1793
FDS14,OUT027,4418.282090000001
FDE56,OUT046,1755.21525
FDZ19,OUT035,2301.90363
FDZ46,OUT013,2568.42337
FDR16,OUT046,2885.0445600000007
FDG29,OUT018,1214.8186799999999
NCE30,OUT017,2654.34486
FDZ40,OUT046,1515.1277700000003
FDG58,OUT018,2062.0824700000003
DRH03,OUT013,2030.7565799999998
FDZ47,OUT045,1958.31754
FDV04,OUT018,1830.6836799999996
FDZ10,OUT018,1833.9461
FDG46,OUT017,1954.4891899999996
NCF07,OUT045,1687.1039100000003
FDY44,OUT035,3046.7007999999996
FDB21,OUT013,3459.4968
FDS20,OUT035,2417.41993
FDS49,OUT049,1608.43964
FDX55,OUT027,5417.847630000001
NCQ02,OUT018,2086.0179799999996
FDR25,OUT013,1950.3945200000003
DRG39,OUT045,1198.47329
FDB46,OUT046,2478.93985
NCC30,OUT018,2303.23523
FDE58,OUT035,2557.1047700000004
FDC05,OUT019,487.66521
FDY15,OUT046,2476.6428399999995
FDG14,OUT046,2176.60007
FDL08,OUT049,3528.2406499999997
FDQ47,OUT013,1493.98862
FDN12,OUT035,1799.75727
FDW10,OUT013,2722.8223900000003
FDD02,OUT035,2046.4694599999998
FDX35,OUT010,528.34559
FDT35,OUT046,2861.44195
DRN47,OUT019,412.89587
FDB11,OUT010,554.8444300000001
FDN20,OUT045,2884.4786299999996
FDB59,OUT035,3389.6210899999996
FDJ58,OUT045,3329.86554
FDU60,OUT046,2855.6827799999996
FDS03,OUT049,1459.9995299999998
FDU40,OUT019,309.69687000000005
DRH15,OUT049,1687.7031300000003
FDD04,OUT027,3573.3818900000006
FDQ01,OUT046,3601.17904
FDF28,OUT035,2154.12932
FDD22,OUT010,404.70653000000004
FDY19,OUT046,1894.3008700000003
FDN33,OUT035,1845.0649600000002
FDV36,OUT035,1784.57703
FDW01,OUT010,305.33588
FDJ28,OUT049,2834.14415
FDB17,OUT035,2759.27494
FDM40,OUT049,1636.10363
FDV46,OUT045,2581.14015
FDQ44,OUT049,2130.42684
NCD42,OUT046,1483.56885
DRH37,OUT046,1667.1964899999998
FDR10,OUT018,2397.24619
NCD06,OUT027,1769.62982
FDI53,OUT046,2732.2767499999995
FDG16,OUT035,2871.69527
DRB25,OUT046,1424.71213
FDY09,OUT046,2430.2698699999996
FDX48,OUT045,2378.70366
FDC03,OUT010,433.96844
FDT47,OUT035,1887.6095800000003
FDW44,OUT027,4405.86492
FDT24,OUT017,1460.2325600000001
FDT12,OUT019,450.5135700000001
NCS38,OUT035,2528.9747199999997
FDO39,OUT035,2667.8273099999997
FDA13,OUT046,2193.24507
FDO48,OUT035,2024.1984499999999
DRJ01,OUT017,2063.0811700000004
FDD53,OUT018,1223.00802
NCT05,OUT049,2869.2983900000004
FDQ51,OUT045,1314.92171
FDU60,OUT013,2751.18547
FDC59,OUT046,1107.75804
FDP36,OUT035,1507.67081
NCM19,OUT017,2097.53632
FDL16,OUT035,1724.18897
FDE50,OUT018,1914.77422
NCR18,OUT013,1255.83196
NCD30,OUT035,2635.1032400000004
FDH31,OUT013,2328.0695699999997
FDD56,OUT019,367.92107999999996
FDC47,OUT049,3106.6228
FDZ21,OUT045,1852.6883699999998
FDM01,OUT049,1744.59574
FDF24,OUT013,1919.9341699999998
FDW23,OUT017,1475.77899
FDY52,OUT018,1718.49638
DRH37,OUT027,3865.301900000001
DRO47,OUT027,3416.4528300000006
FDR25,OUT049,2821.29421
FDQ24,OUT027,3017.9382400000004
DRJ51,OUT018,3044.76998
NCU06,OUT035,3064.3445
NCV18,OUT018,1967.5055800000002
NCC06,OUT027,3163.3822499999997
FDZ01,OUT018,1657.47581
FDT14,OUT017,2214.48409
FDD11,OUT019,497.61892
FDN09,OUT017,4352.001699999999
NCO18,OUT010,438.7954900000001
FDZ50,OUT045,3256.92715
FDS44,OUT013,3626.0466699999997
FDI36,OUT045,2671.4226300000005
FDA26,OUT010,461.83216999999996
NCY53,OUT049,1997.00052
FDF32,OUT049,3200.9999500000004
FDF59,OUT010,350.57698999999997
FDB20,OUT046,1937.4779999999996
DRH11,OUT035,2227.53377
FDT03,OUT049,1962.4122099999997
NCH06,OUT035,3463.4583099999995
FDR55,OUT049,3475.3095499999995
FDI10,OUT035,2707.34254
FDZ12,OUT045,1814.9375099999997
FDM12,OUT049,2331.3319899999997
DRB25,OUT045,1667.4628100000002
NCS41,OUT013,2419.48391
NCT53,OUT049,2281.63002
NCD55,OUT013,1120.2085000000002
FDY08,OUT049,2960.37983
NCP55,OUT049,1836.87562
FDA33,OUT013,2713.70093
FDQ33,OUT013,3348.60781
FDE45,OUT027,4749.018239999999
FDT26,OUT013,2573.6499
NCV53,OUT049,2516.79058
FDK60,OUT027,4020.3667199999995
NCJ29,OUT046,1746.4932699999997
FDI15,OUT045,3606.305700000001
FDX21,OUT013,2722.55607
FDV49,OUT019,509.53674
DRO59,OUT046,1778.3850899999998
FDZ14,OUT045,2272.44198
FDP32,OUT027,3394.68117
FDC33,OUT017,3303.0005100000003
FDT14,OUT010,330.30337999999995
NCN54,OUT027,2017.80677
FDR57,OUT027,3811.405390000001
DRK12,OUT046,1523.2838199999999
FDX52,OUT049,2424.31096
FDX08,OUT010,373.28076999999996
FDP10,OUT010,417.88937000000004
NCP50,OUT045,1588.3657699999999
NCL06,OUT013,3135.05246
FDP25,OUT013,3429.33606
FDE53,OUT013,2280.63132
FDL27,OUT017,1969.3365299999998
FDC35,OUT049,3247.97214
DRJ47,OUT010,262.55823000000004
FDD16,OUT018,1587.2671999999998
NCN42,OUT049,2723.68793
FDC38,OUT027,3635.83393
NCO07,OUT045,3022.13278
FDQ20,OUT049,1554.04378
FDI32,OUT046,1762.3393099999998
FDN20,OUT010,373.28077
DRJ51,OUT027,4421.644380000001
FDU08,OUT045,1492.8567600000001
DRN37,OUT019,330.36996
FDD05,OUT010,273.14445
FDW15,OUT046,2443.7523200000005
FDI52,OUT046,1976.39401
DRM11,OUT049,2432.5003
NCO06,OUT045,1021.0043000000002
FDU38,OUT049,2350.6401899999996
FDU59,OUT018,2474.71202
FDJ10,OUT046,2063.21433
FDM13,OUT049,2217.5800600000002
NCJ30,OUT019,355.73693999999995
FDM45,OUT018,1835.57731
FDP36,OUT045,1208.8264800000002
NCD30,OUT010,283.59751
FDN48,OUT017,1429.2728600000003
FDY32,OUT049,2275.20505
FDU47,OUT046,2964.5743699999994
FDF17,OUT019,305.36917
FDP34,OUT017,2667.12822
FDA47,OUT049,2170.7743200000004
DRD27,OUT027,3573.3818899999997
FDW38,OUT045,1415.4575099999997
FDZ15,OUT019,317.32028
FDZ03,OUT027,3496.41541
NCN19,OUT049,2690.29806
FDG02,OUT035,2260.99022
FDS31,OUT035,2713.20158
FDW43,OUT019,359.63187
FDZ47,OUT010,250.14106
FDO57,OUT017,2590.8941200000004
NCL07,OUT013,1739.7686899999997
NCV42,OUT013,1927.7573200000002
FDP40,OUT017,1179.09851
FDP48,OUT019,480.64102
FDH21,OUT017,2895.5974899999997
NCP02,OUT049,1534.63571
FDK24,OUT049,1601.1491300000002
FDC41,OUT045,1077.1645299999998
FDF08,OUT017,1508.3699000000001
FDO49,OUT017,2201.06822
FDS56,OUT027,5896.19164
FDX46,OUT018,1385.46322
FDQ07,OUT013,3782.94244
FDC32,OUT010,350.71015
FDT21,OUT019,407.33644000000004
FDG58,OUT045,2250.50387
FDW14,OUT049,2202.2666600000002
DRA12,OUT027,3865.3019
FDV27,OUT013,2328.06957
DRD25,OUT013,2554.10867
DRF48,OUT027,3865.301900000001
FDX24,OUT017,1506.1061800000002
DRJ51,OUT046,2510.0992900000006
FDE45,OUT045,2301.80376
FDE14,OUT046,2247.6076399999997
FDG53,OUT045,1609.3384700000001
FDT08,OUT046,1955.5211800000002
DRC27,OUT027,4476.273270000001
FDG20,OUT035,2718.6278500000003
FDC21,OUT046,2124.36806
FDV31,OUT018,2592.3588799999998
FDB58,OUT045,2199.03753
FDV23,OUT046,1691.5314800000003
FDA25,OUT019,343.31976999999995
FDC15,OUT046,2023.56594
FDU47,OUT049,2537.72999
FDE23,OUT013,1583.2723999999998
FDS08,OUT013,2596.7864499999996
FDW03,OUT027,3439.3896400000003
FDJ60,OUT018,2164.9818599999994
FDM34,OUT017,2772.6242300000004
FDW33,OUT013,2636.8676100000002
FDZ40,OUT013,2280.6313200000004
FDE33,OUT018,1943.9029699999999
NCC06,OUT010,296.04797
FDU11,OUT046,1931.2194800000002
FDL44,OUT017,2827.7857599999998
NCZ29,OUT017,1943.2371699999999
FDG28,OUT010,387.82849999999996
FDL12,OUT018,1895.59918
FDD52,OUT017,2004.4574799999998
FDO15,OUT013,2328.06957
NCN29,OUT027,2416.9538700000003
FDW36,OUT013,1944.9016699999997
FDB21,OUT046,2900.0583500000002
FDZ28,OUT013,2353.00378
FDY10,OUT035,2585.7008800000003
DRG39,OUT017,1098.8030299999998
FDN28,OUT013,2003.9914199999998
FDV15,OUT035,2104.16103
DRI13,OUT035,2136.8185200000007
FDH20,OUT046,2033.2866199999996
FDY51,OUT013,3181.3588499999996
FDE16,OUT013,2398.2116000000005
FDX40,OUT018,1313.8564300000003
FDC48,OUT018,1873.62778
FDS14,OUT046,2114.7805399999997
FDX56,OUT017,4042.4379899999994
FDI10,OUT046,2253.5332599999997
FDI14,OUT013,2751.11889
DRM48,OUT013,2091.44425
NCH07,OUT027,4569.28553
FDY26,OUT013,2573.6499000000003
FDD02,OUT027,3410.06115
FDM12,OUT046,2855.68278
DRF01,OUT010,331.73484999999994
FDV36,OUT046,2350.70677
DRI59,OUT013,2956.91767
FDV03,OUT018,1814.3382900000001
FDO39,OUT017,2587.1989299999996
NCB07,OUT018,2779.715
FDH38,OUT027,3331.2637200000004
FDZ13,OUT035,2600.6813800000004
NCZ30,OUT046,1829.0524699999999
NCA06,OUT035,2260.7904799999997
FDB04,OUT049,2198.4716
FDN50,OUT013,1496.3854999999999
NCG06,OUT049,3876.75366
NCY17,OUT018,1321.4132599999998
FDC23,OUT046,2532.33701
FDK33,OUT049,2504.20696
FDR03,OUT049,2902.5218099999993
FDZ07,OUT045,1190.1174999999998
FDO38,OUT013,2603.0782600000007
FDS59,OUT046,2160.9204799999998
DRM11,OUT019,395.48519999999996
FDX52,OUT027,4758.30615
DRJ35,OUT018,1909.1815000000001
NCP53,OUT046,3304.56514
FDW15,OUT019,403.57467
DRI47,OUT045,2359.36217
DRZ11,OUT035,1802.6867900000004
FDS02,OUT013,2573.6499000000003
DRD49,OUT018,2164.11632
FDW38,OUT049,2223.53897
FDR21,OUT019,408.36843000000005
FDE40,OUT013,2573.6498999999994
FDI02,OUT045,2204.86328
FDQ04,OUT045,1372.5467
FDY14,OUT017,3554.1735600000006
NCT54,OUT046,1545.92102
DRD25,OUT017,1882.4163400000002
DRE01,OUT045,3348.1084600000004
FDJ12,OUT010,364.22589000000005
NCZ05,OUT049,1944.30245
DRB25,OUT019,279.43626
NCC31,OUT045,2748.1893700000005
FDM16,OUT045,1194.94455
DRG11,OUT049,2333.32939
FDV24,OUT027,3017.9382400000004
FDV43,OUT046,1489.4611799999998
FDG05,OUT018,1911.6782500000002
FDV23,OUT010,358.06723999999997
FDI58,OUT018,1808.6124099999997
FDQ11,OUT017,2307.5962200000004
FDC05,OUT027,4769.325140000001
FDF40,OUT013,3678.3452599999996
FDU02,OUT018,3044.76998
FDT32,OUT013,2850.42296
NCF06,OUT017,3798.821770000001
FDT46,OUT013,2465.49069
FDR58,OUT010,369.81861
FDY04,OUT046,2693.2275799999998
FDT58,OUT045,2179.69604
FDE46,OUT049,2270.9772199999998
DRH11,OUT017,1666.1645
DRI51,OUT046,2208.65834
FDC35,OUT017,2943.5350900000003
FDP45,OUT035,3014.47608
FDC45,OUT017,3033.58454
FDU01,OUT045,2861.54182
FDJ53,OUT010,271.24692
FDJ46,OUT017,2954.38763
FDX07,OUT013,2703.8138
NCI30,OUT049,3628.31039
FDE47,OUT027,3411.59249
FDV48,OUT045,1480.1399800000002
FDN16,OUT019,335.03056000000004
FDM52,OUT013,2146.1064300000003
FDA32,OUT027,5417.847630000001
FDH05,OUT017,2910.4448299999995
FDW25,OUT010,246.94521999999998
FDQ09,OUT046,2291.71689
NCM17,OUT010,345.48362000000003
DRM59,OUT046,2215.6492399999997
FDV47,OUT027,2415.0230500000007
DRE15,OUT035,2148.07054
FDS25,OUT010,214.12127999999998
NCZ05,OUT018,1607.54081
NCV05,OUT019,348.71274999999997
DRM37,OUT046,1764.5031599999998
FDV58,OUT027,4773.55297
FDN22,OUT027,4142.10825
NCO06,OUT049,1809.0118899999998
FDT56,OUT019,292.31949
FDM02,OUT013,1523.11737
FDA09,OUT046,2343.3163900000004
NCC06,OUT035,2644.4910200000004
NCL54,OUT049,3162.7164499999994
NCB55,OUT017,1273.4756600000003
FDB12,OUT017,1917.9034800000004
NCA54,OUT049,3508.6994199999995
NCS38,OUT049,2141.0463499999996
FDC02,OUT049,2472.1486899999995
FDK44,OUT019,369.55228999999997
FDE16,OUT035,2857.44715
NCS05,OUT035,2476.8758700000003
FDZ59,OUT045,2832.18004
FDI20,OUT017,3488.85858
FDQ14,OUT046,2114.7805399999997
FDF53,OUT017,2935.1793000000002
FDW25,OUT017,1744.1629699999999
NCQ43,OUT010,267.81804999999997
FDX52,OUT013,2552.57733
FDE28,OUT045,2933.5813800000005
FDN15,OUT017,2278.66721
FDO28,OUT017,1621.52261
FDQ33,OUT045,2666.6288700000005
FDM22,OUT010,288.62429999999995
FDJ03,OUT017,1372.14722
FDI16,OUT045,1146.27457
FDI09,OUT027,5849.95183
FDX55,OUT013,3522.84767
FDS23,OUT027,3719.624860000001
DRC12,OUT045,2538.3957899999996
FDH41,OUT049,2831.48095
FDN01,OUT013,2704.7126300000004
FDV55,OUT045,2583.1042599999996
NCJ19,OUT013,1925.2938600000002
NCY29,OUT010,348.81262000000004
FDP03,OUT018,2251.8687600000003
FDZ52,OUT045,1760.2087500000002
FDH31,OUT010,369.75203
FDQ19,OUT018,2235.35692
FDS15,OUT035,2627.3799599999993
FDN32,OUT017,3092.74087
FDH32,OUT049,1957.7516099999998
FDF33,OUT017,1986.0814000000003
FDJ22,OUT046,2552.84365
FDG56,OUT010,223.14287
FDC05,OUT046,2936.7439299999996
FDK09,OUT013,3519.918149999999
NCV29,OUT045,2597.6187
NCC43,OUT019,386.16400000000004
NCA42,OUT049,2424.91018
FDC10,OUT046,1782.31331
FDC16,OUT013,2573.6498999999994
NCL17,OUT013,2013.8119700000002
FDA51,OUT035,2785.30772
FDW01,OUT017,2991.93875
NCF30,OUT045,2145.64037
FDN49,OUT013,1097.4048500000001
FDY20,OUT045,1347.0465600000002
FDC15,OUT045,2134.05545
FDY24,OUT046,2708.9404600000007
NCG43,OUT017,1728.2836400000003
FDA48,OUT013,2729.84658
NCF55,OUT017,1134.09043
FDL38,OUT049,2023.3661999999997
NCQ29,OUT018,2631.7409500000003
FDC34,OUT017,2672.35475
FDP36,OUT027,3765.46519
FDN50,OUT010,217.98292
FDO23,OUT049,2087.2829999999994
FDT56,OUT013,1724.58845
FDT13,OUT027,4519.883169999999
FDZ03,OUT013,2573.6499
FDQ03,OUT010,463.4966700000001
FDU44,OUT045,2215.6492399999997
FDD03,OUT049,2542.05769
NCH30,OUT013,1848.16093
FDS60,OUT010,288.09166
FDG08,OUT046,2678.31366
FDX38,OUT017,1396.01615
FDD22,OUT017,1880.5521
FDW51,OUT013,2328.06957
FDL09,OUT017,2822.29291
FDZ60,OUT045,1429.1729899999998
NCH07,OUT046,2531.00541
NCQ41,OUT049,2815.3685899999996
FDW04,OUT049,2044.30561
FDI08,OUT027,6100.12618
FDR19,OUT019,354.33876
FDV13,OUT046,2158.8897900000006
FDB52,OUT017,3400.6733700000004
FDZ48,OUT027,2570.0212899999997
NCO14,OUT049,1525.8471499999996
FDZ50,OUT013,2573.6499
FDN27,OUT019,360.16450999999995
FDQ60,OUT013,1926.75862
FDR49,OUT017,1351.5074200000004
DRJ35,OUT027,3179.06184
DRI49,OUT017,1475.91215
FDB47,OUT017,3540.3915
FDP37,OUT010,481.43998
FDR26,OUT049,2324.90702
FDY31,OUT019,372.41522999999995
FDC11,OUT045,2674.8514999999998
DRP47,OUT035,2734.27415
NCY54,OUT018,2216.08201
FDR27,OUT046,2493.9203500000003
FDQ21,OUT019,375.94397000000004
NCQ29,OUT035,3037.11328
FDJ02,OUT046,2261.356410000001
FDE21,OUT018,1615.3306700000003
FDM39,OUT046,2208.5251799999996
FDZ01,OUT017,1968.2712500000002
NCB19,OUT018,1967.5055800000002
FDU03,OUT046,2408.16531
FDP27,OUT049,2903.98657
DRF01,OUT045,2144.4086399999997
FDM03,OUT049,1792.8995300000001
FDV01,OUT046,2434.59757
FDS16,OUT046,2424.7770200000004
FDO45,OUT035,1821.6620900000003
NCX06,OUT035,3155.3593599999995
FDP13,OUT046,2061.44996
NCR38,OUT018,2825.6552
FDA01,OUT013,1365.02316
FDT26,OUT017,2052.9942999999994
FDD44,OUT027,6127.0245
FDB26,OUT013,1365.02316
FDP45,OUT019,360.5307
NCP55,OUT046,1623.6864600000001
FDT23,OUT017,2180.46171
FDO51,OUT045,1782.0802800000001
FDA44,OUT046,1582.0406700000003
NCJ31,OUT018,2659.2384899999997
FDX37,OUT045,1763.4045899999996
NCD18,OUT049,3884.7432600000006
FDN40,OUT027,3439.1566099999995
FDL33,OUT017,2942.2367799999997
DRF48,OUT035,2176.36704
FDW08,OUT035,1840.07146
FDX39,OUT018,2483.9333500000002
FDB38,OUT049,2233.6924200000003
FDY46,OUT018,2370.1148399999997
NCB06,OUT049,2522.01711
FDA34,OUT035,3490.4565000000002
FDA35,OUT045,1850.3247800000001
FDQ07,OUT035,3375.7724499999995
FDU32,OUT045,1753.7837799999998
FDU26,OUT013,2573.6498999999994
FDU13,OUT010,314.95669
FDO09,OUT035,3006.9858300000005
FDW03,OUT019,393.45450999999997
FDB38,OUT013,1728.1504799999998
FDL26,OUT010,264.95511
NCN43,OUT045,2187.1530000000002
FDH08,OUT045,2626.84732
NCC31,OUT019,296.38087
FDH14,OUT035,2559.2686200000003
FDL40,OUT017,1632.84121
FDD20,OUT035,2239.88436
NCV53,OUT035,2857.7134699999997
FDD16,OUT045,1548.21803
FDP24,OUT035,1754.14997
FDQ25,OUT045,3121.57001
FDM38,OUT035,2832.67939
NCT18,OUT010,403.84099000000003
FDM34,OUT049,2327.23732
DRH37,OUT010,329.23810000000003
NCE07,OUT013,2496.0509099999995
FDG12,OUT013,1926.75862
FDB59,OUT010,454.34192
FDS10,OUT018,2386.8264200000003
FDN21,OUT010,434.36792
FDM02,OUT045,1298.50974
FDO44,OUT049,1981.4540900000004
NCN17,OUT017,2049.09937
FDH16,OUT018,1336.3937600000002
FDL44,OUT046,2243.2466499999996
FDY47,OUT017,2245.1774699999996
DRI39,OUT046,1772.0932799999998
NCX54,OUT018,1909.8473
FDE59,OUT046,1543.79046
FDO46,OUT045,3383.16283
DRE13,OUT046,1559.9028199999998
FDW14,OUT013,2573.6498999999994
FDF35,OUT046,2313.4885500000005
FDO50,OUT019,314.65708
DRF49,OUT017,1943.5034899999998
FDT60,OUT049,1929.8878800000007
FDP38,OUT045,1195.5104800000001
FDA31,OUT027,4563.526360000001
FDY52,OUT010,273.57722
FDD03,OUT027,4476.273270000001
FDN52,OUT018,1375.64267
FDU20,OUT010,262.39178000000004
FDD22,OUT035,2239.9509400000006
NCB55,OUT019,310.79544
FDN27,OUT045,2211.8208900000004
FDD16,OUT013,2146.1064300000003
FDW48,OUT046,2350.70677
DRN35,OUT045,1283.8288499999999
FDX25,OUT049,2170.5079999999994
DRD49,OUT049,2984.61495
FDE21,OUT019,372.41522999999995
FDN44,OUT035,2771.32592
DRC01,OUT049,1162.1539
NCK30,OUT046,3130.45844
FDU39,OUT013,1519.9548200000002
FDB49,OUT013,2011.2486400000003
FDS12,OUT045,1682.77621
FDR57,OUT018,2270.47787
FDX22,OUT027,4142.10825
FDC60,OUT013,1926.75862
NCE42,OUT049,3773.3216299999995
NCK42,OUT049,3203.9960499999997
DRE01,OUT017,3348.108460000001
FDE57,OUT018,2193.27836
DRK59,OUT019,437.73021
FDB10,OUT027,5617.720789999999
FDQ25,OUT046,2176.60007
FDY26,OUT017,2760.2070599999997
FDG28,OUT049,2488.02802
FDM14,OUT049,1692.4636000000003
NCH29,OUT049,2399.4433299999996
FDD48,OUT049,1817.7005800000002
FDC17,OUT045,3221.6397499999994
DRH49,OUT027,2500.1788699999997
FDN44,OUT018,2389.28988
FDC29,OUT045,1540.2284300000001
DRK01,OUT019,294.91611
FDD48,OUT017,1944.7685099999999
FDB59,OUT013,2828.1186599999996
FDY45,OUT010,454.34192
FDX60,OUT035,1733.9429400000004
FDT09,OUT010,318.65188
DRB24,OUT018,1981.6538300000004
FDL13,OUT035,3468.7514200000005
FDN16,OUT035,1900.0267500000002
FDK57,OUT013,2636.8676100000002
FDO22,OUT027,2398.4446300000004
FDC57,OUT010,366.32316000000003
FDZ13,OUT027,3379.76725
FDW27,OUT013,2328.06957
FDX10,OUT049,1445.71812
FDY08,OUT018,2134.68796
FDA49,OUT017,1660.8713899999998
FDC32,OUT018,1600.3168799999999
FDO04,OUT035,1156.96066
NCZ54,OUT013,2490.82438
FDY40,OUT045,1112.7182500000004
FDW36,OUT045,1590.79594
FDE11,OUT017,2499.11359
DRE37,OUT045,2399.67636
NCK19,OUT017,2940.7054399999997
FDT19,OUT035,2773.057
FDE56,OUT045,1155.86209
FDZ57,OUT010,334.63108
FDB35,OUT035,1781.74738
FDF09,OUT010,361.49611
FDO34,OUT046,2471.24986
FDA55,OUT046,2846.76106
NCM18,OUT035,1926.2259800000004
FDJ20,OUT019,328.40585
DRQ35,OUT019,307.49973
FDG02,OUT013,2741.79769
NCU29,OUT018,1801.08887
FDL27,OUT027,3103.6267
NCA54,OUT035,3294.5448499999998
FDJ32,OUT035,1717.29794
FDB21,OUT019,369.55228999999997
FDR46,OUT035,2992.80429
FDZ32,OUT046,2039.9113299999997
DRF36,OUT017,2655.7430400000003
NCU54,OUT017,3302.96722
NCI31,OUT017,1665.53199
DRA59,OUT035,2378.50392
NCC55,OUT045,2002.4267899999995
FDE44,OUT018,1048.4019700000001
NCN26,OUT018,1800.3897800000002
FDC11,OUT049,1787.24023
FDV24,OUT035,1802.3538899999999
FDR40,OUT019,244.04899
NCQ17,OUT049,2394.8826
FDC46,OUT045,3136.48393
NCM18,OUT046,1408.0338399999998
FDK16,OUT046,1764.63632
FDI28,OUT017,1072.6038
FDS11,OUT018,2591.72637
DRD13,OUT046,1401.4424199999999
FDL36,OUT035,1733.9429400000001
FDI27,OUT013,2573.6498999999994
FDJ53,OUT019,311.26149999999996
FDS44,OUT045,3695.922380000001
FDE28,OUT046,3628.3436800000004
FDQ33,OUT018,2333.3626799999997
FDB37,OUT017,2965.3400399999996
FDQ31,OUT045,1895.0998300000003
NCQ05,OUT046,2433.53229
FDE10,OUT013,2088.8143400000004
FDF38,OUT017,1560.76836
FDE50,OUT019,434.4345
DRG37,OUT010,330.30338
NCH06,OUT049,4287.785290000001
FDY14,OUT045,3629.90831
FDO27,OUT017,2116.9111
FDQ19,OUT049,3680.6755600000006
FDZ26,OUT019,428.94165000000004
FDN51,OUT013,2328.0695700000006
FDK20,OUT035,2036.9152299999998
FDD40,OUT018,2344.98089
DRI25,OUT018,1342.8853100000001
FDH56,OUT017,1970.93445
FDI36,OUT027,4522.180180000001
DRH11,OUT018,1949.2626599999999
NCV18,OUT017,2255.59724
DRI01,OUT049,3006.91925
DRE48,OUT049,3119.3062899999995
FDS51,OUT035,1677.7494199999996
FDM38,OUT017,1711.5054799999998
FDB60,OUT027,2997.46489
FDY58,OUT035,3910.14353
FDY22,OUT045,2699.2530699999998
FDF11,OUT027,6197.566009999999
FDZ51,OUT035,2610.4020600000003
FDQ45,OUT017,3023.6974099999998
FDF17,OUT035,2748.7553000000003
NCF31,OUT027,3870.361979999999
FDA37,OUT013,1834.5120299999999
FDO51,OUT046,2111.2518000000005
FDF34,OUT013,3149.66677
FDD57,OUT018,1573.98449
FDO37,OUT046,3457.0333400000004
FDR49,OUT049,1660.5384899999997
FDS39,OUT049,2006.8210699999995
FDI48,OUT027,3940.3708500000002
DRM35,OUT049,2390.3218700000007
FDV57,OUT035,2778.0505000000003
FDZ55,OUT013,2608.50453
FDI28,OUT035,1772.12657
FDS21,OUT045,1511.8986400000001
FDT34,OUT013,2445.4501099999998
DRI25,OUT035,1893.5352000000003
FDT47,OUT010,264.82195
DRH39,OUT045,1299.6748899999998
NCD54,OUT045,2377.33877
FDU16,OUT027,3076.6618000000003
NCW29,OUT045,2390.02226
FDV25,OUT027,4523.2787499999995
FDM56,OUT035,2225.56966
FDZ04,OUT027,1923.5294900000001
FDG59,OUT019,110.42293
FDI56,OUT045,1376.40834
FDS33,OUT035,1788.3388
FDC23,OUT049,2549.38149
FDT11,OUT049,3659.9358899999997
FDG17,OUT045,3425.27468
FDZ44,OUT045,1827.5544199999997
FDJ52,OUT013,2293.54784
DRI23,OUT046,2319.5473300000003
DRE15,OUT010,290.25550999999996
NCF07,OUT013,1828.2867999999999
NCR29,OUT049,1723.3900100000003
FDE44,OUT019,359.76502999999997
FDT23,OUT035,1719.69482
NCG06,OUT017,3192.3445500000003
NCU41,OUT010,458.27013999999997
FDH46,OUT017,1692.8963699999997
FDV31,OUT013,3010.81418
NCT41,OUT027,4152.29499
FDE22,OUT027,3493.7189200000003
FDC26,OUT045,1545.6547
DRF51,OUT017,1448.6143499999998
NCY53,OUT019,347.18140999999997
FDY21,OUT017,3582.0705800000005
FDL27,OUT013,1702.98324
FDZ34,OUT049,3130.52502
NCF43,OUT010,348.74604
FDC21,OUT035,1786.30811
FDL26,OUT013,2881.8820100000003
FDT25,OUT010,253.63651
NCR30,OUT046,1244.0473
DRL23,OUT019,278.13795
NCR05,OUT049,2424.44412
NCE19,OUT018,1518.95612
FDY07,OUT035,1647.88829
FDB10,OUT017,4431.5648
FDP57,OUT013,2538.12947
FDU48,OUT019,274.44276
FDH48,OUT035,1854.7856400000005
FDO33,OUT035,2698.98675
NCU29,OUT045,2599.4163599999997
FDW35,OUT046,1128.39784
FDH05,OUT010,316.28829
FDP26,OUT049,1989.34382
DRG27,OUT035,2219.87707
FDQ33,OUT046,2471.31644
FDH20,OUT010,242.0183
FDV14,OUT046,1820.2639100000001
DRD01,OUT046,1234.75939
NCI17,OUT049,1846.72946
FDF39,OUT010,458.76949
FDX37,OUT046,2193.24507
NCX17,OUT035,2750.78599
FDN03,OUT013,2328.06957
NCS41,OUT010,459.96792999999997
FDH34,OUT045,3131.82333
NCX53,OUT018,1894.4340299999997
FDY31,OUT046,2370.51432
FDD20,OUT017,2450.17729
FDE51,OUT045,1415.45751
FDV27,OUT046,2218.57876
FDF16,OUT035,2320.74577
FDZ02,OUT049,2164.78212
NCK05,OUT045,1536.0006
FDM12,OUT027,4563.09359
NCA05,OUT018,2124.50122
FDX33,OUT045,2395.5151100000003
FDM25,OUT049,2791.59953
FDE41,OUT018,1375.64267
FDW14,OUT045,1523.61672
NCD30,OUT046,1429.93866
FDB23,OUT010,471.6194299999999
FDF45,OUT046,1957.28555
FDW20,OUT017,2421.7809199999997
FDF47,OUT045,2939.8066100000005
NCR05,OUT019,450.9463400000001
DRB01,OUT046,1889.50711
FDE36,OUT013,2067.0759700000003
FDU56,OUT049,3051.19495
FDB23,OUT049,3625.91351
FDN48,OUT049,1680.0797200000002
FDS43,OUT013,2940.1727999999994
NCN05,OUT013,2261.1566700000003
NCL53,OUT049,2394.8826
FDL56,OUT046,1610.8698100000001
FDH17,OUT018,1409.69834
FDP37,OUT046,2035.31731
FDG09,OUT019,382.33565
FDA55,OUT045,4194.406840000001
FDX31,OUT049,3050.9619200000006
FDJ41,OUT045,3592.7566699999998
DRC24,OUT045,2158.75663
FDQ21,OUT035,2641.3284700000004
NCT54,OUT045,1737.33852
FDH08,OUT049,2651.2156
FDY38,OUT018,2521.55105
DRM11,OUT010,419.18768
FDG32,OUT049,2913.94028
NCH18,OUT046,2739.73371
FDI20,OUT035,2726.25126
FDA33,OUT018,2281.92963
FDN45,OUT013,3394.9142
FDT45,OUT010,418.9879400000001
FDR32,OUT035,3088.5796199999995
FDA48,OUT017,3030.8547599999997
FDN23,OUT017,2307.59622
NCR18,OUT035,2200.96835
FDD45,OUT046,2051.03019
FDI22,OUT018,2432.30056
FDT09,OUT013,2263.9197400000003
DRC24,OUT027,3865.301900000001
FDT39,OUT046,2430.269869999999
FDX28,OUT045,1683.94136
FDA50,OUT018,2107.35687
FDT33,OUT027,3959.5791799999997
FDQ60,OUT049,2015.97582
NCM19,OUT018,1989.87646
FDF40,OUT046,2492.52217
NCI30,OUT035,3009.14968
FDK34,OUT049,3441.05414
FDA38,OUT027,4476.27327
FDT02,OUT045,1557.83884
FDC11,OUT017,2642.02756
FDD08,OUT046,1808.5791199999999
NCS29,OUT046,3335.9576100000004
DRI03,OUT010,330.20351000000005
FDK48,OUT035,1707.47739
FDM52,OUT049,2115.94569
FDP49,OUT035,1523.61672
DRA24,OUT046,2446.28236
NCJ43,OUT049,2799.1896500000003
FDE11,OUT045,2468.25376
FDP01,OUT049,2133.7225499999995
FDQ59,OUT018,1643.0945299999998
FDA43,OUT019,372.41523
FDL14,OUT017,2883.9127
FDV50,OUT010,299.70986999999997
FDT01,OUT027,3911.0090700000014
NCC42,OUT035,2331.9645
FDO28,OUT046,1783.8446499999998
FDD32,OUT019,328.5722999999999
FDV45,OUT035,2926.65706
NCW17,OUT019,355.80352000000005
NCJ17,OUT027,2981.85188
NCF18,OUT049,3316.3165099999997
FDP01,OUT045,2652.64707
FDH24,OUT045,1965.6413400000001
FDI38,OUT027,4000.892070000001
FDX03,OUT035,2576.1799400000004
FDY28,OUT046,2885.0445600000007
FDN34,OUT018,1944.7352200000005
FDJ02,OUT045,2825.95481
FDW40,OUT019,363.65996
FDX03,OUT017,1404.00575
FDE17,OUT027,3965.63796
FDT58,OUT046,2602.74536
FDI38,OUT013,1884.0808399999999
FDW22,OUT035,2923.92728
FDS15,OUT027,3439.38964
NCX06,OUT013,2670.8567
DRK47,OUT035,2364.45554
FDC23,OUT027,4134.7178699999995
FDM56,OUT010,357.53460000000007
FDP21,OUT046,2156.4596199999996
FDP58,OUT046,2768.19666
FDA27,OUT019,468.32372000000004
FDK41,OUT019,286.22742000000005
NCH42,OUT046,2706.6434499999996
FDG29,OUT045,1054.3275899999999
FDW15,OUT018,2050.5974199999996
FDD28,OUT018,1310.22782
FDQ37,OUT049,3325.0051999999996
FDC23,OUT035,3218.1775900000002
FDV13,OUT035,2503.7076100000004
FDK33,OUT046,2625.88191
FDO33,OUT013,3071.3686900000002
FDN21,OUT017,2864.90411
NCW06,OUT027,5091.605630000001
FDI38,OUT035,3098.20043
FDC21,OUT027,3279.8306700000003
NCS05,OUT046,2400.50861
NCN53,OUT049,1808.8454399999998
FDV40,OUT010,199.57354999999998
FDG60,OUT017,2540.027
NCY30,OUT027,4421.278189999999
FDM40,OUT045,1927.42442
NCO30,OUT046,2424.57728
FDK10,OUT046,2168.04454
FDM36,OUT045,2441.5551800000003
FDN10,OUT013,2651.41534
FDM46,OUT018,1792.73308
FDX50,OUT049,1923.4962
FDP33,OUT045,3531.1368799999996
FDO12,OUT045,3016.57335
FDC28,OUT013,2280.6313200000004
FDO31,OUT045,1782.7460800000001
FDX45,OUT035,2594.6891800000003
FDV21,OUT049,2477.8079900000002
FDH04,OUT049,1963.8103899999999
NCG54,OUT013,2785.30772
FDO13,OUT046,2881.31608
FDA09,OUT027,3893.29879
FDC38,OUT017,2165.8473999999997
NCO42,OUT046,1801.58822
FDL45,OUT049,2052.5615300000004
NCK31,OUT013,1646.25708
FDM39,OUT017,2957.71663
FDC22,OUT010,612.0699400000001
FDF46,OUT046,1999.5305599999997
FDQ37,OUT045,2528.3089200000004
FDH41,OUT010,397.94866
FDQ04,OUT046,1515.1277700000003
NCQ02,OUT027,4913.437550000001
FDJ57,OUT027,4880.580319999999
NCE07,OUT049,2408.83111
FDE56,OUT013,1805.88263
FDI20,OUT049,2917.4357299999997
FDK36,OUT018,1873.62778
FDP08,OUT027,5171.9676899999995
FDF44,OUT017,2129.49472
NCU53,OUT017,2462.26156
FDF47,OUT035,3410.8934
FDS55,OUT010,374.27947
FDZ52,OUT010,223.64222
FDL04,OUT018,1847.0956499999998
NCM26,OUT035,2248.0737
FDX43,OUT049,2511.16457
FDP52,OUT049,2722.0234299999993
DRK49,OUT045,1434.6325499999998
FDE38,OUT013,3161.25169
DRF13,OUT035,1958.9167599999996
FDK41,OUT010,223.10958
FDJ04,OUT027,2374.17622
FDZ44,OUT018,1634.6721599999998
FDS11,OUT013,3021.7665899999997
FDA55,OUT049,3314.3856900000005
NCW53,OUT046,3023.5309600000005
FDB49,OUT027,3957.1157200000002
FDD23,OUT017,2592.1591399999998
NCV42,OUT045,2188.5844700000002
NCZ29,OUT018,1780.8152599999999
FDQ26,OUT013,2573.6499
FDV08,OUT017,1296.8785300000002
FDC53,OUT049,1415.3576400000002
FDV58,OUT010,458.2035599999999
NCP02,OUT019,262.25861999999995
DRI37,OUT045,1181.6285500000001
FDQ12,OUT049,1794.56403
FDE33,OUT046,1858.4142500000003
FDX27,OUT045,1911.54509
FDM22,OUT017,1076.83163
NCH30,OUT019,236.99150999999998
FDC04,OUT017,3551.57694
FDO38,OUT046,2094.83983
FDV52,OUT027,3626.1798299999996
FDB32,OUT013,1726.68572
FDV43,OUT018,1007.7881700000002
FDI24,OUT018,2017.7069
FDR40,OUT017,1179.83089
FDW02,OUT049,2190.88148
FDE44,OUT049,1524.94832
FDL38,OUT046,2247.60764
NCT54,OUT010,320.38295999999997
DRJ39,OUT010,355.80352000000005
FDW55,OUT049,3546.483569999999
DRF13,OUT019,306.83393
NCW17,OUT049,2084.38677
FDP13,OUT035,2600.6813800000004
FDS08,OUT018,2548.5492399999994
NCP17,OUT035,1894.0678400000002
NCO53,OUT035,2638.29908
FDH19,OUT045,2578.8764300000003
FDJ04,OUT017,1720.4272
FDG10,OUT049,1445.71812
FDA40,OUT010,264.62220999999994
FDI53,OUT045,2304.46696
FDU09,OUT010,296.3808700000001
FDK60,OUT045,1799.3577900000005
FDR43,OUT017,1187.32114
FDW22,OUT017,3740.6308500000005
DRP47,OUT010,420.05322000000007
DRG48,OUT010,334.99727
FDA14,OUT035,2549.94742
FDU49,OUT013,1617.894
FDK28,OUT045,3422.17871
FDT19,OUT046,3229.89567
NCQ42,OUT045,1579.8435299999999
FDD03,OUT045,3282.95993
NCM53,OUT013,1715.4337
NCX53,OUT045,2064.2130300000003
FDV14,OUT027,3573.3818899999997
NCZ54,OUT017,3238.08501
FDB39,OUT013,2019.2715300000004
DRC24,OUT046,1464.46039
FDY36,OUT013,1902.62337
FDN01,OUT035,3502.108
DRH25,OUT046,1380.4031400000001
FDV08,OUT046,1964.8756700000001
NCP53,OUT049,2978.15669
FDU52,OUT010,368.75333000000006
NCI42,OUT045,3198.10372
FDZ14,OUT035,2785.30772
FDF11,OUT046,3404.6015899999998
FDQ13,OUT018,1877.62258
FDO32,OUT010,353.34006000000005
DRJ37,OUT018,1992.1068899999998
FDY43,OUT046,2045.7703700000002
NCT41,OUT017,2372.77804
NCV17,OUT045,1831.7489600000001
FDM04,OUT027,3076.6618
DRB48,OUT018,865.2403899999997
FDM24,OUT013,2067.0759700000003
FDT37,OUT049,2519.68681
NCO05,OUT010,371.8493
FDL13,OUT046,3167.8098199999995
FDL15,OUT017,2261.92234
FDB11,OUT018,2901.98917
FDL14,OUT019,660.0075400000001
FDY10,OUT019,344.55150000000003
FDJ40,OUT049,1706.34553
NCW18,OUT046,2884.81153
NCY06,OUT013,2165.24818
DRE13,OUT018,1586.8344299999999
FDA26,OUT045,3668.4248400000006
NCE19,OUT010,276.40686999999997
FDE33,OUT035,2094.50693
DRL59,OUT027,3015.34162
FDY07,OUT046,1606.87501
FDF57,OUT018,2463.0272299999997
FDM58,OUT035,2374.50912
FDP26,OUT027,3573.3818900000006
FDY32,OUT046,2355.90001
FDD51,OUT010,272.37878
FDU22,OUT018,1920.99945
FDZ49,OUT018,2199.1374
NCI42,OUT017,3042.53955
FDT04,OUT027,1923.5294900000001
NCU41,OUT045,2643.4923200000003
FDS56,OUT045,4048.46348
NCN42,OUT017,2548.7489800000003
FDK34,OUT046,2792.23204
FDB03,OUT017,3268.37891
DRJ25,OUT035,1857.1159400000001
FDT25,OUT027,3410.06115
FDN20,OUT013,2208.55847
FDP09,OUT013,3344.11366
FDM20,OUT019,372.41523
NCG55,OUT046,1957.41871
NCP14,OUT045,1864.80593
NCH06,OUT046,3036.34761
FDV52,OUT013,2113.48223
NCL07,OUT035,1489.4611799999998
DRJ11,OUT027,3871.4605500000007
DRO59,OUT013,2129.4947199999997
FDW15,OUT010,408.63475000000005
NCQ30,OUT035,2120.3732600000003
NCN54,OUT019,277.37228000000005
FDY01,OUT027,3379.76725
FDX39,OUT035,2903.62038
FDH53,OUT027,3076.6618000000003
FDA57,OUT035,2329.7673600000003
NCC07,OUT010,283.59751
FDU28,OUT013,2409.23059
FDK36,OUT010,216.11868000000004
FDR36,OUT018,1972.6322400000001
NCQ17,OUT035,2232.6937199999993
FDS28,OUT019,274.07657000000006
FDE08,OUT045,2705.74462
FDU22,OUT046,2339.2882999999997
FDG41,OUT045,1432.0359299999998
FDO31,OUT010,283.53093
FDM21,OUT019,402.10991
FDU40,OUT017,3360.2925999999998
FDV36,OUT018,1681.9439599999998
FDT10,OUT027,1805.91592
FDX38,OUT045,1380.9690700000003
NCU30,OUT027,3968.70064
NCV06,OUT049,3280.4964700000005
FDT16,OUT035,2659.9375800000003
NCP41,OUT027,3392.8169299999995
FDZ56,OUT017,2941.70414
FDC22,OUT035,2706.54358
FDU10,OUT035,1799.7905600000001
FDS46,OUT045,2371.4131499999994
FDO08,OUT049,3356.8304399999993
NCV42,OUT018,2111.2850900000003
FDP33,OUT035,3425.3412599999997
FDJ12,OUT046,2913.2411900000006
FDH04,OUT045,1194.94455
NCU54,OUT013,3400.4403399999997
FDO36,OUT010,346.11613000000006
FDT37,OUT027,4482.332049999999
FDD14,OUT010,294.64979
FDA16,OUT013,2398.2116
NCS42,OUT019,236.99151
FDP10,OUT019,364.35905
FDQ28,OUT049,2311.09167
FDK57,OUT010,376.07713
FDK02,OUT013,2842.83284
FDW47,OUT018,2065.9774
NCC42,OUT018,1780.8152599999999
FDQ37,OUT018,3128.02827
FDL40,OUT046,1819.6313999999998
DRE13,OUT010,314.09114999999997
FDQ34,OUT027,3310.1578600000003
NCB54,OUT046,2215.2164700000003
FDS48,OUT049,1913.00985
FDO15,OUT045,1441.35713
NCT30,OUT013,1505.5069600000002
FDU49,OUT027,3306.7955700000007
FDE21,OUT046,1901.7245400000004
FDS49,OUT019,290.2555100000001
FDT38,OUT027,3573.3818900000006
FDZ01,OUT045,1877.98877
FDC41,OUT035,1747.2922299999998
DRG13,OUT010,379.33955
NCZ42,OUT018,2589.39607
NCM07,OUT045,2171.2736699999996
NCV17,OUT018,1791.4347699999998
DRK39,OUT035,2219.87707
FDS37,OUT018,1947.2652600000001
FDV12,OUT019,361.12991999999997
NCG19,OUT018,2741.0986000000003
FDS51,OUT013,1718.8292800000004
NCO14,OUT046,1321.41326
FDC38,OUT046,2193.24507
FDN15,OUT046,1863.0748500000002
NCH42,OUT013,3032.08649
FDQ22,OUT046,1961.91286
FDC05,OUT013,2610.20232
FDZ31,OUT013,3660.6016899999995
DRJ23,OUT049,2455.53698
FDC52,OUT035,2805.5480399999997
DRD12,OUT010,296.44745
FDV55,OUT017,2687.66815
FDD32,OUT046,1781.94712
FDR01,OUT049,2728.7147200000004
FDY08,OUT019,357.23499
FDQ45,OUT045,3072.0344900000005
DRN11,OUT027,3358.72797
NCS05,OUT018,1707.94345
FDY32,OUT035,2337.9234100000003
NCD31,OUT045,3349.04058
NCE06,OUT049,2548.11647
NCP14,OUT046,1631.0435499999999
NCF18,OUT019,342.4875200000001
FDF14,OUT018,1947.2652600000001
FDB22,OUT017,2038.3134100000002
NCH54,OUT049,2945.1663
FDU27,OUT035,2598.81714
FDS58,OUT027,3811.405390000001
NCU29,OUT035,2188.4846000000002
FDJ57,OUT013,3045.23604
FDL56,OUT049,1634.4724199999998
FDH60,OUT035,2024.1984499999999
FDN24,OUT018,1501.64532
FDD02,OUT017,2223.2060699999997
FDP15,OUT017,2648.51911
FDB28,OUT027,4462.957270000001
DRC49,OUT045,1962.31234
NCG30,OUT018,1356.43434
FDJ14,OUT049,1470.7522000000001
FDL52,OUT045,1194.9445500000004
NCG19,OUT027,5937.47124
NCN41,OUT035,2183.1914899999997
FDW22,OUT013,3192.3112599999995
FDI02,OUT013,1728.1504800000002
FDV51,OUT045,2369.1494300000004
FDV48,OUT046,2708.9404600000007
NCL17,OUT019,361.92887999999994
FDP46,OUT045,1984.1505800000002
FDU10,OUT045,1051.19833
FDT37,OUT010,410.86518000000007
FDI27,OUT035,2785.30772
FDN51,OUT046,2390.2885800000004
FDW07,OUT035,1891.0384500000005
FDN45,OUT049,2371.04696
DRN37,OUT027,3865.3019
DRF48,OUT049,3006.91925
FDP38,OUT019,215.78578000000002
NCX18,OUT027,5110.114869999999
FDK45,OUT018,1612.93379
FDZ37,OUT049,2034.8179600000003
FDS50,OUT018,3029.1902600000003
NCR54,OUT018,2747.49028
NCS17,OUT035,2036.64891
FDV31,OUT046,2774.35531
DRE27,OUT017,1232.26264
FDN60,OUT013,2698.3542399999997
FDK26,OUT013,1862.0095700000002
FDX37,OUT018,1347.6790700000001
FDW31,OUT046,3213.98305
FDX26,OUT018,2740.83228
DRL49,OUT019,329.13823
FDU49,OUT017,2176.2005899999995
FDY58,OUT046,2749.48768
FDN03,OUT045,3125.96429
NCV06,OUT010,427.17728
FDH53,OUT045,1926.4923
FDG31,OUT018,1399.7446300000001
NCC06,OUT045,2135.5535000000004
FDS13,OUT049,2386.6932599999996
FDP16,OUT035,2828.6180099999997
FDA35,OUT013,1979.8561699999998
DRP47,OUT018,2665.1641099999997
FDY28,OUT010,372.54839000000004
FDY20,OUT035,1738.86986
NCH30,OUT017,2134.05545
NCR29,OUT019,330.93589000000003
NCP05,OUT013,2211.8541800000003
NCF30,OUT019,297.6126
FDA08,OUT035,2614.79634
FDN51,OUT027,5570.482280000001
FDH12,OUT046,2134.05545
FDY39,OUT017,2434.03164
NCO53,OUT045,2439.0584300000005
FDB40,OUT046,2492.52217
FDH02,OUT049,2044.3056100000001
FDY11,OUT027,3893.9978800000004
FDQ09,OUT019,325.87581000000006
FDP16,OUT013,2397.0464500000003
NCF55,OUT018,1894.2342899999999
FDY09,OUT027,3736.1367
FDY39,OUT045,2487.99473
NCU53,OUT049,2281.63002
NCT41,OUT049,2525.61243
FDJ45,OUT046,1078.46284
FDR28,OUT013,2677.81431
FDN08,OUT013,2450.0441299999998
FDJ07,OUT049,1600.9161000000001
FDZ09,OUT027,3951.78932
FDQ14,OUT017,2293.681
FDY12,OUT027,1918.5027000000002
FDK57,OUT046,2391.0542499999997
FDD20,OUT049,2514.7931799999997
FDS36,OUT018,1713.9356500000001
FDI40,OUT049,1708.70912
FDJ40,OUT045,1994.0044199999998
FDE08,OUT013,2449.3783299999996
DRK01,OUT013,2554.10867
FDC58,OUT049,2180.79461
FDE50,OUT046,2434.59757
FDX48,OUT035,2024.1984500000003
DRM35,OUT018,2298.8076600000004
FDG41,OUT013,1723.92265
FDB52,OUT046,2526.4113899999998
FDV19,OUT045,2534.66731
DRG48,OUT017,2195.07602
FDI26,OUT013,3188.6160700000005
FDU11,OUT019,291.75356
FDF59,OUT019,290.48854
FDR07,OUT049,2091.41096
NCE06,OUT017,2459.03243
FDE10,OUT046,1850.9572900000003
NCO55,OUT046,1701.8846700000001
FDZ13,OUT013,1563.1652399999998
FDT50,OUT017,1560.46875
FDH12,OUT010,266.71948000000003
FDD21,OUT045,1862.07615
NCM05,OUT013,2566.19294
FDK04,OUT013,2280.6313200000004
FDN33,OUT017,1588.33248
NCM18,OUT010,241.18605000000002
DRC25,OUT049,2096.5376199999996
FDT47,OUT017,2245.1774699999996
FDD45,OUT027,2780.34751
NCD07,OUT018,2027.72719
NCY54,OUT010,433.66882999999996
FDL12,OUT049,1958.0845100000001
FDL02,OUT017,2461.02983
FDC60,OUT035,1507.67081
FDR37,OUT017,2670.0577399999997
FDY16,OUT017,3106.88912
FDU26,OUT045,1594.7241600000002
FDN24,OUT013,1226.7032100000001
FDH44,OUT013,2612.4993300000006
FDE23,OUT010,182.16288
FDW60,OUT017,2672.35475
FDQ55,OUT049,2647.7534400000004
FDV32,OUT027,1861.27719
FDV03,OUT010,348.67945999999995
FDY14,OUT010,390.32525
NCL55,OUT027,4462.59108
DRF25,OUT017,1276.0722799999999
FDX03,OUT046,2134.02216
FDF40,OUT045,2991.4394
FDX24,OUT010,204.00111999999996
FDA25,OUT049,2071.93631
FDH21,OUT018,2242.54756
FDB47,OUT010,407.9023700000001
FDT34,OUT019,364.35905
FDS39,OUT010,410.06622000000004
NCU05,OUT046,1509.66821
FDE02,OUT049,1728.0506100000002
FDL25,OUT035,1730.21446
FDC50,OUT049,1797.4602599999998
FDZ32,OUT049,3009.61574
FDV14,OUT045,1383.4658200000001
FDR07,OUT045,1822.0615700000003
FDB26,OUT049,1933.28346
NCR50,OUT045,2386.0274600000002
FDP01,OUT018,2311.92392
FDH57,OUT045,1928.7227300000002
FDM60,OUT027,3767.3627199999996
FDA45,OUT017,2854.75066
FDU55,OUT017,3726.18299
FDH40,OUT035,1584.4042599999998
FDG40,OUT019,242.01830000000004
FDT12,OUT049,2388.8238200000005
DRL59,OUT045,1178.66574
FDT47,OUT018,1386.5617900000002
FDI60,OUT017,1487.7301
DRF51,OUT027,3573.3818900000006
NCK31,OUT049,2496.7832900000003
FDB08,OUT045,2105.4260499999996
FDM44,OUT035,2129.2284000000004
FDD46,OUT018,1855.8176300000002
FDR27,OUT019,401.3775299999999
FDV56,OUT010,225.20685000000003
FDM02,OUT049,2045.2710199999997
FDU45,OUT018,1564.8297399999997
FDZ10,OUT017,2547.08448
NCK31,OUT010,266.78606
FDR27,OUT035,2631.1750199999997
FDF33,OUT013,1140.04934
FDJ36,OUT046,2708.94046
FDP33,OUT049,2710.23877
FDG17,OUT046,3002.99103
FDG47,OUT027,5581.03521
NCW29,OUT046,2355.1010499999998
DRH59,OUT017,1343.31808
FDR32,OUT017,4124.298100000001
FDP48,OUT035,1905.4197300000003
FDG17,OUT035,2318.5819199999996
DRJ59,OUT017,1336.69337
FDY48,OUT027,2570.02129
FDB02,OUT046,2176.60007
FDN10,OUT019,344.5515
NCD55,OUT035,1923.8291000000002
FDX34,OUT013,2661.6686600000003
FDZ38,OUT045,2527.67641
DRF37,OUT049,2987.6776299999997
DRL47,OUT019,278.13795
FDL27,OUT035,1805.01709
NCP53,OUT035,2962.9764500000006
FDT03,OUT019,420.48599
FDJ28,OUT035,2903.78683
FDF40,OUT018,2344.98089
FDA32,OUT035,2809.1433599999996
NCP02,OUT017,1297.4777500000002
FDZ31,OUT045,3006.0204200000003
NCQ29,OUT013,2838.6050099999998
FDP57,OUT010,436.76480000000004
FDL32,OUT027,3648.2178100000006
DRB01,OUT035,2176.36704
FDJ40,OUT046,2189.94936
FDO24,OUT018,2007.35371
FDO11,OUT018,2861.00918
FDA56,OUT035,2088.81434
FDF02,OUT045,1642.3621500000002
FDA10,OUT013,2748.2226600000004
NCI55,OUT017,2153.79642
FDZ40,OUT010,269.18294
FDV08,OUT049,1656.3106599999999
FDN48,OUT013,1881.0514500000002
FDU57,OUT017,2181.39383
DRF49,OUT013,2554.10867
FDS02,OUT035,2785.30772
FDS43,OUT046,2775.1875600000003
FDT16,OUT013,2560.26732
FDX19,OUT027,5342.97842
FDK15,OUT046,1726.0865
DRA12,OUT049,3075.5965199999996
FDY35,OUT017,2086.38417
NCU42,OUT013,2559.46836
FDD26,OUT013,1960.5479700000003
FDR11,OUT018,2179.92907
NCP53,OUT045,3274.13808
FDP34,OUT045,2851.82114
NCV41,OUT019,352.17491
FDN20,OUT018,2311.72418
FDZ16,OUT018,2019.3713999999995
FDZ28,OUT049,2128.8622100000002
NCL55,OUT013,2860.9426
NCJ17,OUT046,1621.223
FDT37,OUT046,2400.24229
FDV51,OUT049,2413.92448
FDZ28,OUT035,2158.55689
FDN27,OUT013,2341.6186000000002
FDS14,OUT019,368.22069
FDZ58,OUT045,2254.53196
FDD46,OUT046,2431.9676600000003
FDJ03,OUT035,2785.30772
FDU03,OUT010,519.69019
FDA33,OUT027,3379.6340899999996
NCW53,OUT035,2548.8488500000003
NCC55,OUT017,961.31533
FDP52,OUT019,433.5023800000001
FDE39,OUT049,1989.34382
FDB44,OUT035,2521.6509200000005
FDG59,OUT013,1457.6026500000003
FDI05,OUT013,1520.7537799999998
FDF59,OUT045,2549.5146500000005
FDM39,OUT019,317.32028
FDB14,OUT013,1728.1504800000002
NCS05,OUT019,344.95098
DRJ35,OUT045,1320.44785
FDO31,OUT019,328.5722999999999
FDA31,OUT046,2664.5316000000007
FDX40,OUT049,1268.0493900000001
FDW56,OUT045,2295.54524
FDH09,OUT018,962.1475800000002
FDA52,OUT019,422.54997000000003
FDF20,OUT019,372.41522999999995
FDE40,OUT046,2169.47601
NCU17,OUT046,1904.3877400000006
NCP14,OUT035,2175.26847
FDN25,OUT027,2146.77223
FDU39,OUT049,1372.77973
NCM05,OUT017,3245.3089400000003
FDU07,OUT017,2142.27808
FDF28,OUT049,1950.1281999999997
FDR57,OUT049,2599.6161
FDJ33,OUT013,2019.1383699999994
DRH23,OUT035,2167.14571
FDQ52,OUT046,3067.27402
DRK13,OUT035,2523.41529
FDP09,OUT046,2563.89593
FDR08,OUT027,3269.67722
FDV50,OUT045,1711.5054800000003
FDT13,OUT049,2451.5421800000004
FDJ27,OUT027,3505.9030599999996
FDH21,OUT046,2690.19819
FDW14,OUT027,3496.41541
FDL52,OUT049,1666.06463
FDW28,OUT017,3196.2394799999997
FDL40,OUT049,1750.22175
FDE24,OUT046,2350.70677
FDX35,OUT049,3903.2857899999995
FDP46,OUT017,1663.4680099999998
FDX56,OUT045,3803.0495999999994
FDQ45,OUT049,3061.6480099999994
FDK50,OUT027,4215.1798
FDY26,OUT045,2555.47356
FDQ09,OUT017,1741.99912
FDN39,OUT049,2833.04558
FDP13,OUT017,1627.28178
FDR51,OUT013,2328.06957
FDZ49,OUT010,387.96166
FDL28,OUT018,1988.61144
FDZ10,OUT035,2557.1047700000004
FDK38,OUT013,2865.1371400000003
DRL49,OUT027,3865.301900000001
FDR15,OUT013,2328.06957
FDQ24,OUT035,1767.19965
FDD56,OUT013,3145.3057799999997
NCR42,OUT046,1419.28586
FDH52,OUT045,1124.73594
FDH57,OUT019,372.41522999999995
FDR15,OUT010,463.59654
FDJ34,OUT035,2055.25802
FDW37,OUT035,1983.3516200000001
FDQ23,OUT018,1879.85301
FDP34,OUT013,3098.5666200000005
FDE04,OUT027,4626.27801
FDC48,OUT045,1453.9740399999998
FDA47,OUT019,395.1523000000001
FDI35,OUT018,2517.22335
NCV05,OUT013,2126.93139
FDR28,OUT045,2656.37555
FDH31,OUT017,1734.2425500000002
FDP59,OUT019,303.70467
FDS19,OUT018,1369.25099
FDM60,OUT045,1141.6139699999999
FDJ44,OUT018,2489.1598800000006
DRH51,OUT017,1253.8345599999998
DRC25,OUT017,1635.2713799999997
DRE25,OUT013,2447.4142199999997
NCX05,OUT049,2050.9636100000002
FDR11,OUT017,2307.59622
DRP47,OUT045,3089.3119999999994
DRC49,OUT019,334.49791999999997
FDQ47,OUT027,2328.801950000001
FDL20,OUT013,1576.4479500000002
FDM34,OUT035,2787.1386700000003
NCN55,OUT013,3429.90199
FDD41,OUT035,1988.77789
FDE52,OUT049,2180.0289399999997
NCT18,OUT019,324.84382
FDJ32,OUT018,1029.89273
FDE16,OUT046,3014.60924
FDZ09,OUT045,2494.88576
DRZ11,OUT046,1974.8626699999998
FDK41,OUT049,1463.7613000000001
FDE56,OUT049,1875.19241
FDH34,OUT013,2713.7009299999995
DRI49,OUT013,2158.49031
DRI59,OUT046,2552.8436500000003
DRC36,OUT049,2801.7196899999994
FDS15,OUT019,354.8714000000001
FDI07,OUT018,2508.7011099999995
FDZ15,OUT018,2147.40474
NCX41,OUT027,4399.87272
NCO29,OUT019,383.90028
FDF57,OUT013,2820.26222
FDI33,OUT035,2508.4347900000002
DRJ47,OUT049,2455.53698
FDB34,OUT046,1594.3246800000002
FDY22,OUT027,3312.58803
DRL11,OUT017,2873.52622
FDY46,OUT035,3175.13362
FDG17,OUT013,2479.3726199999996
FDE52,OUT018,2091.01148
DRP47,OUT027,3948.72664
FDO01,OUT010,345.28388000000007
FDL09,OUT046,2038.31341
FDR57,OUT013,2546.81816
DRD37,OUT035,1847.19552
FDQ36,OUT027,3758.0082300000004
FDL33,OUT049,3179.6610600000004
FDL48,OUT045,1766.3673999999999
FDL28,OUT049,2488.02802
NCN29,OUT046,1496.9181400000002
FDO13,OUT035,2921.66356
FDB38,OUT045,2857.74676
FDI36,OUT035,2024.1984499999999
FDI58,OUT035,1827.0883600000002
FDH22,OUT018,1896.33156
FDQ27,OUT013,2328.06957
FDT33,OUT046,2156.45962
FDC56,OUT045,2047.4348700000003
FDF14,OUT046,2198.23857
FDQ39,OUT017,2747.7233100000003
NCM43,OUT017,2292.14966
FDS46,OUT035,2221.0422200000003
FDI22,OUT049,3467.9857500000007
NCE43,OUT045,3059.18455
FDZ36,OUT010,325.14343
FDR13,OUT019,360.49741000000006
FDP46,OUT018,1608.7059600000002
FDW56,OUT019,372.41523
FDB40,OUT017,2787.43828
FDM28,OUT018,2521.91724
FDV49,OUT013,3863.47095
NCS53,OUT018,1965.20857
FDO03,OUT049,2645.4564299999997
FDT15,OUT035,2718.2616600000006
FDD33,OUT049,3473.8447900000006
FDX13,OUT017,3515.72361
FDH60,OUT013,2210.05652
DRH51,OUT046,1791.2017399999997
NCL07,OUT049,1874.7263500000004
FDW51,OUT045,2692.5950700000003
FDF21,OUT019,382.33565000000004
FDH26,OUT019,331.9013000000001
FDJ03,OUT049,2143.11033
FDU35,OUT017,1986.2811400000003
DRL01,OUT018,2805.71449
FDE59,OUT045,2549.51465
FDI60,OUT035,1507.67081
DRH39,OUT035,1389.29157
FDK36,OUT049,1580.57591
FDN52,OUT045,1284.29491
FDU12,OUT017,2831.7805599999997
NCT05,OUT027,4565.656919999999
FDS37,OUT027,3457.0666300000003
FDK24,OUT017,1250.5721400000002
DRF36,OUT013,2579.74197
FDN46,OUT010,303.03887
NCN06,OUT045,2940.5056999999997
FDD59,OUT035,1926.55888
FDM14,OUT045,1423.3139500000002
FDO10,OUT018,1438.7272199999998
FDU35,OUT013,1708.0100300000001
NCA30,OUT018,2641.76124
NCO41,OUT049,1434.0333300000002
FDI24,OUT046,2155.16131
FDZ16,OUT046,2927.08983
FDV47,OUT046,1588.0328700000002
FDV16,OUT045,1149.93647
FDZ22,OUT035,1992.0070200000002
FDO20,OUT010,381.03734000000003
FDW38,OUT013,2573.6499000000003
FDW52,OUT045,2656.3755499999997
FDT43,OUT019,372.41522999999995
NCS29,OUT045,3265.31623
NCC31,OUT017,2733.37532
FDA21,OUT017,3025.86126
FDQ55,OUT046,2048.69989
NCE54,OUT049,1946.5661700000005
FDD45,OUT017,1271.54484
NCP17,OUT017,1388.29287
FDR47,OUT035,2599.51623
DRM35,OUT013,2577.34509
FDR47,OUT019,375.97726
FDX19,OUT010,367.28857000000005
FDV22,OUT027,3850.12166
FDQ46,OUT027,3198.23688
DRO47,OUT045,2133.25649
FDB44,OUT010,373.28077
FDN02,OUT010,390.7580200000001
FDW10,OUT045,2506.4040999999997
FDJ41,OUT019,337.02796
FDM50,OUT046,2247.60764
FDW10,OUT035,2828.25182
FDY48,OUT049,1857.2490999999998
NCE30,OUT027,5670.05267
FDO04,OUT045,1143.64466
FDQ26,OUT010,304.57021
NCX29,OUT018,1704.9806400000002
FDE39,OUT046,2149.66846
NCR54,OUT027,4891.13325
NCP55,OUT027,1766.3673999999999
FDX22,OUT017,3300.96982
FDI05,OUT035,1352.47283
FDC51,OUT027,3496.41541
FDC10,OUT013,1962.5453699999998
FDJ46,OUT045,2859.6442899999997
FDV10,OUT010,290.2555100000001
FDX12,OUT027,4583.56694
FDL43,OUT019,244.54834000000005
DRB13,OUT046,3044.7034
FDF59,OUT027,3321.70949
FDT35,OUT049,2630.2761899999996
NCJ19,OUT035,1585.1033499999999
FDT35,OUT018,2031.62212
FDI48,OUT046,2708.9404600000003
DRC24,OUT019,306.83393
NCZ05,OUT017,1994.4704799999995
FDJ57,OUT049,3733.34034
FDX11,OUT017,2474.04622
FDE09,OUT035,2088.81434
NCK06,OUT049,2048.16725
DRE37,OUT017,2515.49227
FDV56,OUT046,2052.9943
FDY43,OUT017,2575.14795
FDV35,OUT013,2405.2357899999997
FDF05,OUT019,337.02796
FDA36,OUT035,1879.0540500000002
FDS13,OUT027,4557.101390000001
FDU47,OUT013,2551.4121800000003
FDI36,OUT010,295.54861999999997
FDH48,OUT046,2078.86063
FDZ14,OUT013,2573.6498999999994
FDS46,OUT013,2184.42322
FDE21,OUT017,1867.9019
FDA26,OUT049,2257.99412
FDV12,OUT046,2708.40782
FDL46,OUT019,337.2277
FDN57,OUT013,3047.3666000000003
NCJ18,OUT017,2189.0505299999995
FDO36,OUT045,2273.1410699999997
FDX55,OUT018,2833.67809
FDT25,OUT019,419.62045
FDD16,OUT049,1733.80978
NCX18,OUT013,3087.24802
NCG55,OUT018,1353.80443
NCV18,OUT049,1638.16761
NCS18,OUT035,2370.54761
FDC37,OUT045,1414.825
FDE47,OUT046,2150.5340000000006
DRG49,OUT019,379.27297
FDC39,OUT049,2326.3717799999995
FDH24,OUT019,303.93769999999995
FDV39,OUT027,4340.483359999999
NCL17,OUT045,2474.21267
NCY53,OUT035,2250.1043899999995
FDH52,OUT013,1646.1905000000002
NCD19,OUT018,1839.3057899999997
FDI44,OUT046,1476.31163
DRD49,OUT027,3776.3510200000005
FDN08,OUT035,1998.3654099999999
FDO20,OUT027,6033.013539999999
FDY02,OUT046,2488.9601399999997
FDX23,OUT045,1515.09448
FDX01,OUT017,1960.7809999999997
FDH20,OUT027,3191.8452
NCX41,OUT017,2738.3355300000003
FDD21,OUT027,3541.62323
DRH11,OUT019,157.09551
DRE60,OUT018,2164.11632
FDB10,OUT013,3348.00859
FDH38,OUT013,2655.04395
NCL07,OUT018,1675.9184700000005
FDD48,OUT046,2134.0554500000007
NCT54,OUT027,2429.1712999999995
FDF32,OUT027,4713.03175
DRH51,OUT045,1289.05538
DRG03,OUT035,2747.4237
NCY42,OUT019,296.3808700000001
FDH32,OUT017,1520.6539100000002
NCJ06,OUT027,2867.13454
FDH47,OUT027,2812.9384199999995
FDZ08,OUT018,1671.29116
FDK16,OUT017,1595.1569299999999
DRG01,OUT018,1508.0369999999998
NCM53,OUT027,3193.0769299999997
NCB07,OUT035,2999.96164
NCZ06,OUT035,3022.8984500000006
FDU48,OUT049,1858.7138599999998
NCB55,OUT027,1805.28341
FDP15,OUT013,3663.0651499999994
FDF17,OUT046,2577.7778600000006
NCN06,OUT049,2734.57376
DRM48,OUT018,1310.9934899999998
FDH10,OUT046,2738.0359200000003
FDC60,OUT018,1883.3151699999999
FDE35,OUT018,1219.31283
DRI23,OUT013,2634.7037599999994
NCR38,OUT013,3128.69407
FDP04,OUT035,1644.75903
NCW17,OUT045,1897.56329
FDX34,OUT017,1794.69719
NCK53,OUT045,2058.7534700000006
NCO54,OUT010,277.77176000000003
NCH55,OUT046,2110.7524500000004
FDT44,OUT027,3335.1919399999997
DRG49,OUT046,1867.2028099999995
FDX46,OUT010,285.36188000000004
DRG36,OUT049,2973.2630599999998
FDU37,OUT049,1458.16858
FDK10,OUT049,2697.4554099999996
DRF37,OUT027,3865.301900000001
FDC44,OUT035,2316.3182
FDP15,OUT046,2917.70205
FDZ27,OUT027,3573.3818899999997
FDY22,OUT019,305.46904
DRG51,OUT035,2830.21593
FDN58,OUT045,4293.57775
FDW01,OUT049,1907.9164799999999
FDX24,OUT018,1873.62778
FDO51,OUT017,1770.3622
FDJ52,OUT027,3489.3579299999997
NCY06,OUT010,296.04797
FDE20,OUT018,2198.87108
FDT23,OUT010,253.80295999999998
FDQ51,OUT046,2132.15792
FDE35,OUT046,1245.8116699999998
FDB46,OUT013,2983.25006
NCG19,OUT035,3040.27583
NCL06,OUT018,2767.89705
FDT36,OUT019,261.35979000000003
FDC56,OUT049,2190.78161
FDJ26,OUT049,2623.71806
FDZ59,OUT017,2845.3628799999997
FDV11,OUT027,4745.4895000000015
FDR13,OUT010,249.10906999999997
FDI15,OUT018,3089.87793
FDF47,OUT018,3095.17104
NCB54,OUT019,343.91899
NCK19,OUT027,3755.6779300000003
FDX16,OUT017,2348.8092400000005
FDL50,OUT045,2200.7353200000002
NCE31,OUT035,2094.04087
DRJ01,OUT049,2719.55997
FDE22,OUT013,2740.06661
FDY20,OUT019,311.99388
NCO14,OUT045,1099.13593
NCR50,OUT017,2574.91492
DRM47,OUT017,2980.9863400000004
FDO27,OUT010,329.13823
FDJ20,OUT027,3861.87303
NCX17,OUT013,2429.67065
FDG59,OUT049,1449.47989
FDD52,OUT045,1657.10962
FDO48,OUT017,2751.68482
FDC59,OUT019,175.30514000000002
FDS15,OUT018,2188.71763
FDB47,OUT035,3498.94545
FDV14,OUT019,317.32027999999997
FDB27,OUT013,3221.24027
FDA35,OUT035,2024.1984499999999
FDN51,OUT018,2513.1286799999993
FDO39,OUT019,482.60513000000003
FDB28,OUT049,2206.5277799999994
DRJ25,OUT046,1343.01847
FDH46,OUT027,2744.52747
FDI10,OUT045,2685.73733
FDU21,OUT018,1385.46322
FDD09,OUT049,2905.1517200000003
FDD10,OUT046,1912.5105000000003
FDN31,OUT010,373.28077
FDA46,OUT018,2318.2823099999996
FDM56,OUT046,1713.8357799999999
FDF11,OUT010,550.55002
FDS32,OUT018,2237.45419
NCM06,OUT013,2561.93182
FDZ26,OUT045,3604.1085599999997
FDO01,OUT013,1941.10661
FDJ46,OUT049,3239.4831900000004
FDG26,OUT019,448.24985
FDZ38,OUT035,2772.35791
NCO55,OUT013,2183.05833
FDT60,OUT035,1699.6875300000004
FDW37,OUT049,1936.7123299999998
NCK42,OUT018,2840.86873
FDA45,OUT046,2604.34328
FDW55,OUT018,2901.78943
FDY44,OUT017,3299.67151
FDQ31,OUT017,1921.86499
FDM09,OUT049,2707.57557
FDH12,OUT018,1873.6277800000003
NCQ43,OUT035,1787.17365
FDT33,OUT035,2464.4587
NCT41,OUT018,1971.6668300000001
DRJ25,OUT010,300.14264
NCQ41,OUT046,2839.9033200000003
NCN17,OUT049,1783.0789800000002
DRO35,OUT027,3454.07053
FDU27,OUT018,1885.3791500000002
FDY43,OUT027,4655.34018
FDG46,OUT035,1842.06886
DRL49,OUT018,1846.0969499999999
NCB55,OUT049,1651.184
FDK28,OUT049,2738.30224
FDO49,OUT045,2171.7397300000002
FDT03,OUT013,2625.4158500000003
FDW33,OUT027,3160.2862800000003
FDR02,OUT035,2227.0344199999995
FDF50,OUT013,2943.5683799999997
FDA40,OUT018,1352.43954
NCT53,OUT018,2034.0522899999996
FDY60,OUT035,1905.41973
FDP44,OUT027,3339.4197699999995
NCQ50,OUT045,3360.6255000000006
NCC30,OUT017,3021.0675
FDQ60,OUT018,1883.3151699999999
FDG41,OUT046,2002.7264
FDQ03,OUT046,2418.01915
FDM03,OUT045,2139.38185
FDZ51,OUT018,2049.8317500000003
DRF51,OUT035,2148.0705399999997
FDF39,OUT017,3712.33435
FDW52,OUT035,2724.9196599999996
FDY22,OUT049,2093.6081
FDG14,OUT013,1921.5653800000005
FDA57,OUT017,1544.2565200000001
FDL45,OUT019,386.76322000000005
FDX28,OUT046,1720.99313
NCQ54,OUT013,2529.67381
FDH40,OUT045,1357.5329100000001
FDU52,OUT035,2320.74577
FDT60,OUT010,335.8961
FDK08,OUT045,1781.28132
FDN04,OUT049,2455.43711
FDE50,OUT013,1720.9598400000002
FDI16,OUT049,1587.50023
FDM50,OUT049,1978.82418
NCV30,OUT049,1845.3645699999997
FDT44,OUT013,1576.44795
FDY60,OUT013,2067.0759700000003
FDT56,OUT017,1142.0467399999998
FDV58,OUT018,2272.87475
FDU04,OUT013,2293.54784
NCN05,OUT027,3772.0899
FDI53,OUT018,1830.68368
FDD34,OUT046,2536.76458
FDW47,OUT027,3131.5903
FDT51,OUT027,3755.71122
FDO27,OUT013,2328.06957
NCQ18,OUT018,1221.1437799999999
NCW05,OUT013,1883.71465
FDI15,OUT010,386.86308999999994
NCH43,OUT010,456.03971
FDT40,OUT049,1965.9076599999996
NCG19,OUT017,3021.400400000001
NCM30,OUT035,2254.6318300000007
FDB38,OUT017,2764.0354099999995
FDB22,OUT046,2431.9676600000003
FDC58,OUT046,2065.8775299999998
NCI29,OUT013,2013.81197
FDA23,OUT010,249.00920000000005
DRG48,OUT013,2554.10867
FDV21,OUT013,2821.96001
NCG18,OUT019,285.82794
FDG40,OUT045,860.3800500000001
FDU24,OUT018,1883.3151699999999
FDA22,OUT049,2531.9708199999995
FDY35,OUT046,1768.33151
FDJ15,OUT045,3045.3691999999996
NCW18,OUT018,2803.95012
FDK56,OUT018,2579.84184
FDF44,OUT046,2733.9412500000003
FDP51,OUT049,2344.6147
FDU22,OUT027,3201.96536
FDM28,OUT017,3295.1107800000004
NCL42,OUT046,2979.55487
FDJ15,OUT019,499.6829000000001
FDI32,OUT018,2154.6619600000004
DRL11,OUT046,2225.53637
DRO59,OUT018,2086.3841700000003
FDA07,OUT019,352.30807
NCO53,OUT013,2363.42355
FDO21,OUT045,4017.8033899999996
FDW39,OUT045,2552.4441699999998
NCV17,OUT013,1898.2623799999997
FDE22,OUT046,2368.81653
NCB06,OUT018,2147.1051300000004
DRF48,OUT017,2593.7570600000004
FDB05,OUT013,2398.2116000000005
FDP28,OUT027,4769.32514
FDP23,OUT046,3075.49665
NCS41,OUT018,2385.59469
FDS40,OUT018,1223.00802
FDA16,OUT017,3112.71487
FDN20,OUT035,2563.36329
FDF04,OUT027,4287.15278
DRG36,OUT018,2067.4754500000004
FDW16,OUT018,1409.6983400000004
FDU09,OUT017,1372.14722
FDW01,OUT046,2400.2422899999997
FDB15,OUT045,3476.60786
NCJ17,OUT049,1944.30245
NCT18,OUT018,2340.3202899999997
FDG16,OUT018,2979.95435
FDP27,OUT017,2319.8469400000004
FDQ44,OUT027,3493.1529899999996
FDL50,OUT027,3776.1845700000003
FDW57,OUT027,3989.3737300000003
FDS34,OUT013,2184.4232199999997
NCV30,OUT035,2577.54483
FDD26,OUT018,1985.7817899999998
FDA03,OUT045,2356.83213
FDS27,OUT018,2436.59497
FDM12,OUT013,2210.05652
NCV42,OUT027,2871.5288200000005
NCS41,OUT046,2894.29918
FDN56,OUT018,1774.6566100000005
DRK59,OUT046,2609.0704600000004
NCG18,OUT046,1704.3148399999998
NCN26,OUT017,2395.8147200000003
FDI60,OUT027,3860.5747200000005
NCI43,OUT049,1821.4623500000002
NCL17,OUT049,2281.6300200000005
FDQ19,OUT019,359.63187000000005
FDY43,OUT049,2581.57292
FDR36,OUT049,1998.0990900000002
FDJ58,OUT049,3121.70317
DRY23,OUT045,1684.1743899999997
FDK26,OUT027,4000.8920700000003
DRH03,OUT045,1441.32384
FDC10,OUT010,320.9156
FDD23,OUT013,2680.810410000001
FDP32,OUT045,2074.86583
FDO31,OUT035,1764.4698700000001
FDQ57,OUT013,2610.90141
FDX32,OUT027,4274.06981
FDC39,OUT027,4374.57232
FDU55,OUT046,3031.7203
FDL45,OUT013,2916.27058
DRK37,OUT049,3006.91925
FDK22,OUT013,3161.01866
DRG37,OUT027,3865.3019
FDK22,OUT017,4274.502579999999
DRH36,OUT018,1342.8853100000001
DRC36,OUT018,2414.05764
DRE03,OUT027,3573.3818899999997
FDF34,OUT046,2207.39332
FDZ22,OUT046,2258.2271499999997
FDC44,OUT010,350.71015
FDN31,OUT027,4713.03175
FDO03,OUT017,3121.2038199999997
FDA01,OUT049,1341.9199
NCH42,OUT049,3409.86141
FDF46,OUT018,1929.3885300000002
DRL35,OUT046,1831.54922
FDW46,OUT049,1507.87055
FDB58,OUT046,2020.8694500000001
FDD47,OUT018,2192.07992
NCO17,OUT045,2245.04431
FDJ26,OUT017,3026.4604800000006
FDU37,OUT045,1745.2282499999997
